title,claim,stance,reason,claim_output,model
transcriptomic modulation of inflammasome-related genes following metformin administration in breast cancer patients with paclitaxel-induced neuropathy.,Metformin administration after neuropathy onset was associated with transcriptomic changes in genes involved in the inflammasome pathway.,support,"The study found increased expression levels of ASC, caspase-1, and NLRP3 in the metformin group.","Here is the extracted information:

Claim: Metformin administration after neuropathy onset was associated with transcriptomic changes in genes involved in the inflammasome pathway.
Stance: Support
Reason: The study found increased expression levels of ASC, caspase-1, and NLRP3 in the metformin group.",llama3.1:8b
nanoparticle-based radiosensitization in breast cancer: a multimodal approach to therapy and immune regulation.,Nanoparticles can improve radiotherapy outcomes in breast cancer.,support,"They increase localized radiation dose through secondary electron emission and generate reactive oxygen species, among other mechanisms.","Claim: Nanoparticles can improve radiotherapy outcomes in breast cancer.
Stance: Support
Reason: They increase localized radiation dose through secondary electron emission and generate reactive oxygen species, among other mechanisms.",llama3.1:8b
"safety analyses of the inavo120 randomised phase iii trial of inavolisib or placebo with palbociclib-fulvestrant in patients with pik3ca-mutated, hormone receptor-positive, her2-negative, endocrine-resistant advanced breast cancer.",,,,"Here are the extracted information:

1. Main claim:
The study suggests that Inavolisib has a manageable and tolerable safety profile when combined with Palbociclib-Fulvestrant in patients with Pik3ca-mutated, hormone receptor-positive, HER2-negative, endocrine-resistant advanced breast cancer.

2. Stance: 
Support

3. Short reason:
The study concludes that the adverse events associated with Inavolisib are generally reversible and can be controlled by concomitant medications and dose modifications.",llama3.1:8b
sternoclavicular joint infection caused by staphylococcus capitis.,Sternoclavicular joint infection can be caused by Staphylococcus capitis.,support,"The case report presents a patient's diagnosis and treatment for such an infection, confirming the causative agent as S. capitis.","Claim: Sternoclavicular joint infection can be caused by Staphylococcus capitis.
Stance: Support
Reason: The case report presents a patient's diagnosis and treatment for such an infection, confirming the causative agent as S. capitis.",llama3.1:8b
polycystic ovary syndrome and its association with reproductive cancers in women.,,,,"Here are the extracted information:

1. Main claim:
Women with PCOS have a higher risk of female reproductive cancers.

2. Stance: 
Support

3. Reason: 
The study found significantly higher hazard ratios for breast, uterine, ovarian/fallopian tube, and cervical cancer in women with PCOS compared to those without PCOS.",llama3.1:8b
assessment of alpelisib-induced hyperglycemia in a real-world setting: a nationwide claims data analysis.,Alpelisib initiation is associated with increased use of antidiabetic agents.,support,The study found that antidiabetic agent usage increased from 20.0% to 34.3% after alpelisib initiation.,"Claim: Alpelisib initiation is associated with increased use of antidiabetic agents.
Stance: Support
Reason: The study found that antidiabetic agent usage increased from 20.0% to 34.3% after alpelisib initiation.

Claim: Longer time on therapy (TOT) for alpelisib is associated with the use of antidiabetic agents.
Stance: Support
Reason: The study found that individuals who started antidiabetic agents after initiating alpelisib had a longer TOT.

Claim: Close monitoring and proactive hyperglycemia management are necessary when taking alpelisib to improve adherence and clinical outcomes.
Stance: Neutral (Conclusion, not directly extracted from the data)
Reason: This is a conclusion drawn by the authors based on their findings, rather than an objective claim supported or contradicted by the data.",llama3.1:8b
association between hba1c and breast cancer risk in women with type 2 diabetes mellitus: a case-control study.,,,,"Here is the extracted information:

1. Main claim: Elevated HbA1c levels are associated with an increased risk of breast cancer in women with type 2 diabetes mellitus.
2. Stance: Support
3. Reason: The study found a significant association between poor glycemic control (HbA1c ≥ 7.0%) and breast cancer presence, as well as more advanced tumor stages.",llama3.1:8b
combination of ivermectin and metformin promotes autophagy in mcf‑7 cells by inhibiting phosphorylation of the pi3k/akt/mtor pathway.,Combination of ivermectin and metformin promotes autophagy in MCF-7 cells.,support,The study shows that ivm-met treatment leads to extensive autophagosome formation and activation of autophagy programs.,"Here are the extracted information:

Claim: Combination of ivermectin and metformin promotes autophagy in MCF-7 cells.
Stance: Support
Reason: The study shows that ivm-met treatment leads to extensive autophagosome formation and activation of autophagy programs.",llama3.1:8b
survival and recurrence with glp-1 receptor agonists in breast cancer.,GLP-1 receptor agonists are associated with lower risk of all-cause mortality and recurrence-free survival in breast cancer patients.,support,"The study found that GLP-1 RA use was linked to improved outcomes, including lower hazard ratios for all-cause mortality and recurrence-free survival.","Here are the extracted information:

Claim: GLP-1 receptor agonists are associated with lower risk of all-cause mortality and recurrence-free survival in breast cancer patients.
Stance: Support
Reason: The study found that GLP-1 RA use was linked to improved outcomes, including lower hazard ratios for all-cause mortality and recurrence-free survival.",llama3.1:8b
management of advanced hr-positive breast cancer using metabolically supported chemotherapy and repurposed drugs: a case report.,,,,"Here are the extracted information:

1. Main claim: A comprehensive metabolic approach combining therapeutic ketosis, metabolically supported chemotherapy, physical modalities, and repurposed drugs can achieve a durable response in patients with advanced HR-positive breast cancer.

2. Stance: Support
3. Reason: The study reports a sustained remission in a patient with poor prognosis following treatment with this multimodal metabolic approach.",llama3.1:8b
a novel combination for in vivo breast cancer treatment: tak1 inhibition combined with metformin and lentinula edodes compounds synergistically reinvigorates cd8(+) t cells.,"The combination of Tak1 inhibition, metformin, and Lentinula edodes compounds can inhibit breast cancer progression.",support,The study shows that this combination significantly decreases tumor volume/weight and increases CD8(+) T cell population in mouse tumor tissue.,"Claim: The combination of Tak1 inhibition, metformin, and Lentinula edodes compounds can inhibit breast cancer progression.

Stance: Support
Reason: The study shows that this combination significantly decreases tumor volume/weight and increases CD8(+) T cell population in mouse tumor tissue.",llama3.1:8b
exploration of bmi and circulating metabolic factors as predictors of metformin benefit in cctg ma.32.,BMI and circulating metabolic factors do not predict the benefit of metformin in breast cancer patients.,neutral,"The study found interactions between certain variables, but these interactions indicate potential adverse effects rather than benefits.","Claim: BMI and circulating metabolic factors do not predict the benefit of metformin in breast cancer patients.
Stance: Neutral
Reason: The study found interactions between certain variables, but these interactions indicate potential adverse effects rather than benefits.

Claim: Metformin may have negative effects at lower levels of leptin, insulin, HOMA, and glucose in some breast cancer subtypes.
Stance: Support
Reason: The study identified significant interactions suggesting metformin's potential to worsen outcomes in certain subgroups.",llama3.1:8b
ampk/mtorc2/akt-473/runx2 signaling axis modulates epithelial-mesenchymal transition and bone tropism in breast cancer.,Metformin treatment enhances mTORC2 activity in a RUNX2-dependent manner.,support,"The abstract states that metformin resulted in enhanced mTORC2 activity, mediated through AMPK-driven stabilization of RUNX2.","Claim: Metformin treatment enhances mTORC2 activity in a RUNX2-dependent manner.
Stance: Support
Reason: The abstract states that metformin resulted in enhanced mTORC2 activity, mediated through AMPK-driven stabilization of RUNX2.

Claim: Metformin promotes EMT and bone metastasis through the AMRK-RUNX2-MTORC2 signaling axis.
Stance: Support
Reason: Functional analyses demonstrated that this axis promotes EMT and enhances bone metastatic potential of breast cancer cells.",llama3.1:8b
bile duct ligation impairs function and expression of breast cancer resistance protein in rat blood-retinal barrier mainly due to both the increased ammonia and bilirubin.,Bile duct ligation impairs the expression and function of breast cancer resistance protein (BCRP) in rat retina.,support,The study demonstrates a significant downregulation of BCRP expression and function following bile duct ligation.,"Claim: Bile duct ligation impairs the expression and function of breast cancer resistance protein (BCRP) in rat retina.
Stance: Support
Reason: The study demonstrates a significant downregulation of BCRP expression and function following bile duct ligation.

Claim: Ammonia accumulation impairs BCRP expression by inactivating the JNK pathway.
Stance: Support
Reason: The study shows that ammonia treatment reduces BCRP expression, which is attenuated by activating the JNK pathway.

Claim: Bilirubin accumulation suppresses BCRP expression through the ROS-ERK1/2 pathway.
Stance: Support
Reason: The study demonstrates that bilirubin treatment reduces BCRP expression, accompanied by increased levels of ROS and p-ERK1/2.",llama3.1:8b
the role of the hmgb1 c-terminal domain in epithelial-mesenchymal transition and invasion in 2d and 3d mda-mb-231 breast cancer models.,The C-terminal domain of HMGB1 plays a crucial role in regulating its invasive and migratory properties.,support,The study found that truncated HMGB1 lacking the C-terminal acidic tail exhibits increased cellular plasticity and invasive potential.,"Claim: The C-terminal domain of HMGB1 plays a crucial role in regulating its invasive and migratory properties.
Stance: support
Reason: The study found that truncated HMGB1 lacking the C-terminal acidic tail exhibits increased cellular plasticity and invasive potential.

Claim: Metformin is less effective against the tail-less variant of HMGB1 compared to the full-length protein.
Stance: contradict (implied neutral, but actually supports a more nuanced concept)
Reason: The study suggests that pharmacological intervention with metformin may have limited efficacy against this particular form of HMGB1.

Claim: HMGB1's C-terminal domain regulates its role in tumor aggressiveness.
Stance: support
Reason: The findings indicate an underappreciated regulatory role of the HMGB1 C-terminal domain in tumor aggressiveness.",llama3.1:8b
"studying synergistic anticancer effects of repurposed at(1)b losartan with antidiabetics metformin, rosiglitazone in triple-negative breast cancer cells.",Losartan combined with metformin shows a synergistic effect in inhibiting triple-negative breast cancer cells.,support,The study reports a 1.6-fold increase in potency when losartan and metformin are combined.,"Claim: Losartan combined with metformin shows a synergistic effect in inhibiting triple-negative breast cancer cells.
Stance: Support
Reason: The study reports a 1.6-fold increase in potency when losartan and metformin are combined.

Claim: Combination of losartan and rosiglitazone also exhibits synergy, but with limitations at lower doses.
Stance: Support
Reason: The study finds right-shifted dose-response curves and increased maximal responses when losartan is combined with rosiglitazone at higher concentrations.",llama3.1:8b
overcoming immunotherapy resistance in breast cancer: a novel strategy by targeting the integrated stress response.,Pharmacologically targeting the integrated stress response (ISR) can overcome immunotherapy resistance in breast cancer.,support,Preclinical efficacy of ISR inhibitors has been demonstrated in reversing immunosuppression and synergizing with immune checkpoint inhibitors.,"Claim: Pharmacologically targeting the integrated stress response (ISR) can overcome immunotherapy resistance in breast cancer.
Stance: Support
Reason: Preclinical efficacy of ISR inhibitors has been demonstrated in reversing immunosuppression and synergizing with immune checkpoint inhibitors.",llama3.1:8b
metformin drives hif-1alpha-mediated dual metabolic reprogramming to enhance gammadelta t cell therapy in triple-negative breast cancer.,Metformin can enhance Gammadelta T cell therapy in triple-negative breast cancer.,support,"The study shows that metformin increases the efficacy of Gammadelta T cells against TNBC through various mechanisms, including improved metabolism and immune recognition.","Claim: Metformin can enhance Gammadelta T cell therapy in triple-negative breast cancer.
Stance: Support
Reason: The study shows that metformin increases the efficacy of Gammadelta T cells against TNBC through various mechanisms, including improved metabolism and immune recognition.",llama3.1:8b
tumor cell membrane-camouflaged nanoparticles co-delivering docetaxel and metformin for enhanced synergistic therapy of her2-positive breast cancer.,Tumor cell membrane-camouflaged nanoparticles can effectively deliver docetaxel and metformin to treat HER2-positive breast cancer.,support,"The study demonstrates enhanced synergistic anti-tumor effects, prolonged circulation half-life, and excellent biocompatibility with no toxicity.","Claim: Tumor cell membrane-camouflaged nanoparticles can effectively deliver docetaxel and metformin to treat HER2-positive breast cancer.
Stance: Support
Reason: The study demonstrates enhanced synergistic anti-tumor effects, prolonged circulation half-life, and excellent biocompatibility with no toxicity.",llama3.1:8b
metformin reduces senescence induced by obesity-related inflammation in luminal breast cancer through estrogen receptor beta modulation.,Metformin reduces senescence induced by obesity-related inflammation in luminal breast cancer through estrogen receptor beta modulation.,support,Experimental results show metformin's beneficial effects on reducing senescence markers and mitigating obesity-induced tumor progression.,"Here are the extracted information in the requested format:

Claim: Metformin reduces senescence induced by obesity-related inflammation in luminal breast cancer through estrogen receptor beta modulation.
Stance: Support
Reason: Experimental results show metformin's beneficial effects on reducing senescence markers and mitigating obesity-induced tumor progression.",llama3.1:8b
metformin enhances response to chemotherapy combined with immunotherapy in a triple negative breast cancer in vivo model.,Metformin enhances response to chemotherapy combined with immunotherapy in a triple negative breast cancer model.,support,The study found that adding metformin to the treatment regimen led to improved tumor-growth inhibition compared to chemotherapy and immunotherapy alone.,"Claim: Metformin enhances response to chemotherapy combined with immunotherapy in a triple negative breast cancer model.
Stance: Support
Reason: The study found that adding metformin to the treatment regimen led to improved tumor-growth inhibition compared to chemotherapy and immunotherapy alone.",llama3.1:8b
metformin triggers apoptosis via endoplasmic reticulum stress in her2-positive breast cancer cell lines.,Metformin triggers apoptosis via endoplasmic reticulum stress in HER2-positive breast cancer cell lines.,support,"The study shows that metformin dose-dependently inhibited cell proliferation and activated ER stress pathways, leading to increased apoptosis.","Claim: Metformin triggers apoptosis via endoplasmic reticulum stress in HER2-positive breast cancer cell lines.
Stance: Support
Reason: The study shows that metformin dose-dependently inhibited cell proliferation and activated ER stress pathways, leading to increased apoptosis.",llama3.1:8b
piperine-induced ampk activation and cell cycle arrest: insights from molecular simulations and experimental validation in breast cancer.,,,,"Here are the extracted information:

1. Main claim: Piperine effectively modulates AMPK signaling, leading to apoptosis induction, cell-cycle arrest, and impaired migratory capacity in breast cancer cells.
2. Stance: Support
3. Reason: Molecular simulations and experimental validation show a positive correlation between piperine binding to AMPK and anticancer effects.",llama3.1:8b
metformin as an immunometabolic modulator in breast cancer: integrating nk and nkt cell responses.,,,,"Here is the extracted information:

1. Main claim: Metformin has anticancer potential as an immunometabolic modulator.
2. Stance: Support
3. Reason: The abstract presents accumulating evidence of metformin's effects on suppressing tumor growth and enhancing innate immune responses.",llama3.1:8b
relationship between breast cancer and metformin: a bibliometric review.,Metformin has a potential role in managing the relationship between diabetes and breast cancer.,support,"The abstract suggests that metformin can help reduce cancer incidence and death risk, and may be beneficial for breast cancer treatment.","Claim: Metformin has a potential role in managing the relationship between diabetes and breast cancer.
Stance: Support
Reason: The abstract suggests that metformin can help reduce cancer incidence and death risk, and may be beneficial for breast cancer treatment.",llama3.1:8b
wbp2 attenuates metformin response in her2-positive breast cancer cells by repressing ampk activation and inducing a lower amp:atp ratio state through enhanced atp production.,WBP2 inhibits the response of HER2-positive breast cancer cells to metformin.,contradict,"Previous clinical trials suggested metformin's efficacy in HER2+ breast cancer, but this study found that WBP2 attenuates its effect.","Claim: WBP2 inhibits the response of HER2-positive breast cancer cells to metformin.
Stance: Contradict
Reason: Previous clinical trials suggested metformin's efficacy in HER2+ breast cancer, but this study found that WBP2 attenuates its effect.",llama3.1:8b
metformin potentiates dsf/cu-loaded pluronic nanoparticles to improve therapeutic efficacy in triple-negative breast cancer.,Metformin potentiates the antitumor effects of dsf/cu-loaded pluronic nanoparticles against triple-negative breast cancer.,support,The study shows that metformin increases the anticancer efficacy of dsf/cu-loaded nanoparticles in TNBC cells.,"Claim: Metformin potentiates the antitumor effects of dsf/cu-loaded pluronic nanoparticles against triple-negative breast cancer.
Stance: Support
Reason: The study shows that metformin increases the anticancer efficacy of dsf/cu-loaded nanoparticles in TNBC cells.",llama3.1:8b
therapeutic switching of metformin using heteroleptic cu(ii) and zn(ii) complexes: a combined experimental and computational study.,Metformin can be repurposed as a cancer treatment when combined with specific Cu(II) and Zn(II) complexes.,support,"The study shows that these metal complexes exhibit anti-cancer properties, including inducing apoptosis in breast cancer cells.","Claim: Metformin can be repurposed as a cancer treatment when combined with specific Cu(II) and Zn(II) complexes.
Stance: Support
Reason: The study shows that these metal complexes exhibit anti-cancer properties, including inducing apoptosis in breast cancer cells.",llama3.1:8b
mtor-driven autophagy suppression defines metabolic vulnerability in cdk4/6 inhibitor-resistant hr(+)/her2(-) breast cancer.,Cdk4/6 inhibitor-resistant HR(+)/HER2(-) breast cancer cells are vulnerable to metabolic inhibitors due to mTORC1 hyperactivation and autophagy suppression.,support,Gene expression profiling and biochemical assays demonstrate the role of mTORC1 in suppressing autophagy in resistant cells.,"Claim: Cdk4/6 inhibitor-resistant HR(+)/HER2(-) breast cancer cells are vulnerable to metabolic inhibitors due to mTORC1 hyperactivation and autophagy suppression.
Stance: Support
Reason: Gene expression profiling and biochemical assays demonstrate the role of mTORC1 in suppressing autophagy in resistant cells.",llama3.1:8b
impact of type 2 diabetes on malignancies of the female reproductive system.,,support,The abstract provides evidence from epidemiological studies and mechanistic insights to support this claim.,"Here are the extracted points:

1. Main claim: Type 2 diabetes mellitus (T2DM) contributes significantly to the development and progression of cancers of the female reproductive tissues.
Stance: Support
Reason: The abstract provides evidence from epidemiological studies and mechanistic insights to support this claim.

2. Main claim: Metformin has shown robust benefits in reducing T2DM-related complications and potential in the antineoplastic setting.
Stance: Neutral
Reason: This statement is a neutral observation of an existing research finding, not a conclusion or claim made by the authors.

3. Main claim: Diabetic women often face underdiagnosis due to suboptimal screening practices, highlighting the need for tailored cancer prevention and treatment strategies.
Stance: Support
Reason: The abstract presents evidence from epidemiological studies and mechanistic insights to support this claim.

4. Main claim: T2DM increases the risk and worsens outcomes in breast cancer via enhanced expression, age-rage interactions, and estrogen-independent ERα activation.
Stance: Support
Reason: The abstract provides evidence from mechanistic insights to support this claim.

5. Main claim: Early screening and individualized management are urgently needed for diabetic women due to their increased risk of developing cancers of the female reproductive system.
Stance: Support
Reason: The abstract presents a conclusion based on the previous claims, advocating for integrated clinical protocols that include early screening and individualized management in diabetic women.",llama3.1:8b
weight loss patterns and clinical outcomes of glp1 receptor agonists in breast cancer survivors.,GlP-1 receptor agonists (GLP-1 RA) are associated with modest weight loss and improved all-cause survival in breast cancer survivors.,support,"The study found that GLP-1 RA users had a significant difference in overall survival compared to nonusers, indicating improved outcomes.","Here are the extracted information:

Claim: GlP-1 receptor agonists (GLP-1 RA) are associated with modest weight loss and improved all-cause survival in breast cancer survivors.
Stance: Support
Reason: The study found that GLP-1 RA users had a significant difference in overall survival compared to nonusers, indicating improved outcomes.",llama3.1:8b
unraveling ampk and bet regulation of immune checkpoint biology: implications for personalized medicine.,Immune checkpoint blockade efficacy may be improved for TNBC patients with comorbid type 2 diabetes.,support,"The study found that BET proteins regulate immune checkpoints through an AMPK-dependent pathway, suggesting a potential target for optimization.","Here are the extracted information in the required format:

Claim: Immune checkpoint blockade efficacy may be improved for TNBC patients with comorbid type 2 diabetes.
Stance: Support
Reason: The study found that BET proteins regulate immune checkpoints through an AMPK-dependent pathway, suggesting a potential target for optimization.

Claim: Personalized approaches to ICb treatment of TNBC patients with comorbid T2D should improve outcomes.
Stance: Support
Reason: The study suggests that targeting AMPK and BET proteins could enhance the efficacy of ICb in this patient population.",llama3.1:8b
a robust rnai nanoplatform for precise activation of cgas-sting pathway and effective immune checkpoint blockade to potentiate cancer immunotherapy.,A new RNAl nanoplatform can potentiate cancer immunotherapy by activating the CGAS-STING pathway.,support,The platform was shown to effectively inhibit breast cancer tumor growth in orthotopic and metastatic models.,"Here are the extracted information:

Claim: A new RNAl nanoplatform can potentiate cancer immunotherapy by activating the CGAS-STING pathway.
Stance: Support
Reason: The platform was shown to effectively inhibit breast cancer tumor growth in orthotopic and metastatic models.

Claim: The new nanoplatform's approach has lower adverse effects and higher therapeutic efficacy compared to current CGAS-STING activating approaches.
Stance: Support
Reason: The platform targets specific oncogenes and immune checkpoints, leading to more precise activation of the CGAS-STING pathway.",llama3.1:8b
cardioprotective effects of dapagliflozin against doxorubicin-induced cardiotoxicity in breast cancer patients with type 2 diabetes: a prospective study.,,,"The study found that dapagliflozin was associated with more favorable short-term surrogate changes in lvgls and nt-probnp during doxorubicin therapy, suggesting its potential cardioprotective effects.","Here are the extracted information:

1. Main claim:
Dapagliflozin may be considered a potential cardioprotective agent against doxorubicin-induced cardiotoxicity in breast cancer patients with type 2 diabetes.

2. Stance: 
Support
Reason: The study found that dapagliflozin was associated with more favorable short-term surrogate changes in lvgls and nt-probnp during doxorubicin therapy, suggesting its potential cardioprotective effects.",llama3.1:8b
metformin-mediated glycaemic regulation as a potential strategy for breast cancer prevention.,Metformin can prevent breast cancer by inducing anti-cancer molecular mechanisms.,support,The abstract reports various pre-clinical studies that show metformin's efficacy in inhibiting breast cancer cell growth and inducing apoptosis and ferroptosis.,"Claim: Metformin can prevent breast cancer by inducing anti-cancer molecular mechanisms.
Stance: Support
Reason: The abstract reports various pre-clinical studies that show metformin's efficacy in inhibiting breast cancer cell growth and inducing apoptosis and ferroptosis.",llama3.1:8b
the synergistic effects of rharg with bcl-2 inhibitors or metformin co-treatment in multiple cancer cell models.,,,,"Here is the extracted information:

1. Main claim:
The combination of RhArg with BCL-2 inhibitors or metformin co-treatment enhances apoptosis and cell cycle arrest in multiple cancer cell models.

2. Stance: support
3. Reason: The study shows significant induction of apoptosis and inhibition of cell cycle markers when combining RhArg with these treatments.",llama3.1:8b
universal antibody-engineered lipid nanoparticles potentiate chemo-immunotherapy against triple-negative breast cancer by reprogramming tumor cell metabolism.,Lipid nanoparticles can potentiate chemo-immunotherapy against triple-negative breast cancer by reprogramming tumor cell metabolism.,support,"The nanoparticles target tumor cells specifically, reduce off-target toxicity, and enhance chemotherapeutic efficacy.","Here is the extracted information:

Claim: Lipid nanoparticles can potentiate chemo-immunotherapy against triple-negative breast cancer by reprogramming tumor cell metabolism.
Stance: Support
Reason: The nanoparticles target tumor cells specifically, reduce off-target toxicity, and enhance chemotherapeutic efficacy.

Alternatively, I can also provide a more concise version:

 Claim: Targeted lipid nanoparticles enhance chemo-immunotherapy in TNBC.
Stance: Support
Reason: They reprogram tumor metabolism and restore immune activity.",llama3.1:8b
metformin-loaded fusogenic liposome improves the therapeutic efficacy and safety of doxorubicin in a breast cancer treatment.,Metformin-loaded fusogenic liposome improves the therapeutic efficacy and safety of doxorubicin in a breast cancer treatment.,support,"The study found that co-administration of metformin-loaded liposomes with doxorubicin resulted in significant tumor volume decrease, improved metastasis reduction, and reduced cardiac alterations compared to free dox treatment.","Here is the extracted information:

Claim: Metformin-loaded fusogenic liposome improves the therapeutic efficacy and safety of doxorubicin in a breast cancer treatment.
Stance: Support
Reason: The study found that co-administration of metformin-loaded liposomes with doxorubicin resulted in significant tumor volume decrease, improved metastasis reduction, and reduced cardiac alterations compared to free dox treatment.",llama3.1:8b
gut microbiota in the regulation of intestinal drug transporters: molecular mechanisms and pharmacokinetic implications.,Gut microbiota affects the expression and activity of intestinal drug transporters.,support,The abstract cites multiple studies that demonstrate this relationship.,"Claim: Gut microbiota affects the expression and activity of intestinal drug transporters.
Stance: Support
Reason: The abstract cites multiple studies that demonstrate this relationship.

Claim: Alterations in gut microbiota are associated with changes in oral drug exposure.
Stance: Support
Reason: Clinical observations mentioned in the abstract support this claim.

Claim: Major bacterial metabolites can regulate key intestinal drug transporters.
Stance: Support
Reason: The abstract lists specific metabolites and their effects on transporters.",llama3.1:8b
mtorc1 inhibition by metformin synergizes with dendrosomal nano-curcumin to induce apoptosis via modulation of pro- and anti-apoptotic proteins in breast cancer cells.,Metformin combined with dendrosomal nano-curcumin induces apoptosis in breast cancer cells through modulation of pro- and anti-apoptotic proteins.,support,"The study shows increased anticancer toxicity, activation of caspases, and reduced expression of anti-apoptotic proteins.","Claim: Metformin combined with dendrosomal nano-curcumin induces apoptosis in breast cancer cells through modulation of pro- and anti-apoptotic proteins.
Stance: Support
Reason: The study shows increased anticancer toxicity, activation of caspases, and reduced expression of anti-apoptotic proteins.",llama3.1:8b
characteristic glycemic patterns during capivasertib treatment identified by continuous glucose monitoring: a case report.,Capivasertib treatment causes hyperglycemia.,support,Continuous glucose monitoring revealed distinctive patterns of hyperglycemia during treatment.,"Claim: Capivasertib treatment causes hyperglycemia.
Stance: Support
Reason: Continuous glucose monitoring revealed distinctive patterns of hyperglycemia during treatment.

Claim: Hyperglycemia is caused by impaired glucose uptake and dysregulated hepatic glucose output due to AKT inhibition.
Stance: Support
Reason: The authors suggest this mechanism based on the observed effects of capivasertib on glucose levels.",llama3.1:8b
metformin and its derivatives in breast cancer: from glycaemic control to tumor-intrinsic pathways.,,,,"Here are the extracted points:

1. Main claim: Metformin and its derivatives can suppress breast cancer cell proliferation by targeting glucose metabolism.
2. Stance: Support
3. Reason: Preclinical and epidemiological evidence indicate reduced BC incidence and improved survival with metformin use, particularly in certain subtypes.

Alternatively, if you'd like a more nuanced stance:

1. Main claim: Metformin and its derivatives can suppress breast cancer cell proliferation by targeting glucose metabolism.
2. Stance: Support
3. Reason: Preclinical evidence indicates that metformin activates tumor-intrinsic mechanisms to inhibit cancer growth and induce apoptosis.

However, considering the inconsistent results from large clinical trials:

1. Main claim: Metformin and its derivatives have potential in precision BC therapy due to their dual anticancer effects.
2. Stance: Neutral
3. Reason: While preclinical evidence suggests benefits, inconsistencies between preclinical efficacy and clinical outcomes highlight the need for further investigation.",llama3.1:8b
a prognostic model for breast cancer survival based on pcd and m6a gene interactions.,A prognostic model was developed using pcd and m6a gene interactions to predict breast cancer survival.,support,The study demonstrated a certain degree of accuracy in its findings through transcriptomic public sets.,"Here are the extracted information:

Claim: A prognostic model was developed using pcd and m6a gene interactions to predict breast cancer survival.
Stance: Support
Reason: The study demonstrated a certain degree of accuracy in its findings through transcriptomic public sets.

Claim: The expression levels of certain genes were significantly upregulated or downregulated between control samples and breast cancer samples.
Stance: Neutral
Reason: This statement is an observation, not a claim being made by the authors.

Claim: The prognostic model identified seven genes that could serve as potential targets for breast cancer therapy.
Stance: Support
Reason: The study constructed a risk model based on these seven prognostic genes.",llama3.1:8b
metformin with neoadjuvant chemotherapy in localized triple-negative and her2neu-positive breast cancer: a prospective phase 2 open-label randomized controlled trial (mcbeth).,Metformin does not significantly improve pathological complete response rates when added to neoadjuvant chemotherapy.,neutral,The study found a non-significant difference (p = .75) between the metformin group and control group in terms of overall pcr rates.,"Claim: Metformin does not significantly improve pathological complete response rates when added to neoadjuvant chemotherapy.
Stance: Neutral
Reason: The study found a non-significant difference (p = .75) between the metformin group and control group in terms of overall pcr rates.

Claim: Trends suggest that metformin may be beneficial for HER2-positive patients.
Stance: Support
Reason: In the HER2-positive subgroup, pcr was higher with metformin (46.3% vs. 36.5%, p = .27), although this difference was not statistically significant.

Claim: Metformin is well-tolerated and may reduce peripheral neuropathy in breast cancer patients.
Stance: Support
Reason: Fewer patients experienced peripheral neuropathy in the metformin group (37.2% vs. 45.5%), but more patients experienced diarrhea.",llama3.1:8b
metformin enhances alpelisib sensitivity in her2+ breast cancer by suppressing cancer stemness and oncogenic signaling.,Metformin enhances the sensitivity of alpelisib in HER2+ breast cancer.,support,Combination treatment with metformin showed strong synergism and inhibited oncogenic signaling pathways.,"Claim: Metformin enhances the sensitivity of alpelisib in HER2+ breast cancer.
Stance: Support
Reason: Combination treatment with metformin showed strong synergism and inhibited oncogenic signaling pathways.

Claim: Alpelisib monotherapy has antitumor efficacy against HER2+ breast cancer cells.
Stance: Neutral (neutral because it is a statement of fact, not an opinion or argument)
Reason: Results show that alpelisib inhibited proliferation, colony formation, and cancer stem cell features in both cell lines.

Claim: Metformin can counteract Alpelisib-induced hyperglycemia.
Stance: Support
Reason: Metformin may mitigate the metabolic adverse event of hyperglycemia associated with alpelisib treatment.",llama3.1:8b
niosomal co-delivery of metformin and telaglenastat: a targeted nanotherapeutic strategy for breast cancer treatment and metastasis suppression in 2d and 3d models.,,,,"Here are the extracted information:

1. Main claim: Coordinated inhibition of glut-1- and gls-1-driven metabolism via met/tel-loaded niosomes achieves enhanced cytotoxicity, durable spheroid penetration, and strong anti-migratory and metabolic modulatory effects.
2. Stance: Support
3. Reason: The study presents data showing improved outcomes in various assays (cell viability, wound-healing, metabolic analyses) when using the dual-drug niosomal delivery system compared to single-drug treatments or free drugs.",llama3.1:8b
metformin impairs breast cancer growth through the inhibition of prmt6.,Metformin impairs breast cancer growth through inhibition of Prmt6.,support,The study directly shows that metformin inhibits Prmt6 activity and leads to reduced tumor growth.,"Claim: Metformin impairs breast cancer growth through inhibition of Prmt6.
Stance: Support
Reason: The study directly shows that metformin inhibits Prmt6 activity and leads to reduced tumor growth.",llama3.1:8b
autophagy stimulation influenced the angiogenesis and metastasis behavior of human triple-negative breast cancer cells.,,,,"Here is the extracted information:

1. Main claim: Autophagy modulation can influence the angiogenesis and metastasis behavior of human triple-negative breast cancer cells.
2. Stance: Support
3. Reason: The study's results demonstrate that autophagy modulation using various methods (e.g., 3-MA, metformin, or exosomes) altered the angiogenic and metastatic behavior of BC cells in vitro and in vivo.",llama3.1:8b
nir/us-responsive injectable hyaluronic acid-based nickel sulfide hydrogel as a smart platform for synergistic antitumor therapy.,The researchers developed an injectable hydrogel system for synergistic antitumor therapy.,support,In vitro and in vivo experiments demonstrated effective treatment of tumor tissues using this platform.,"Claim: The researchers developed an injectable hydrogel system for synergistic antitumor therapy.
Stance: Support
Reason: In vitro and in vivo experiments demonstrated effective treatment of tumor tissues using this platform.

Note: I extracted only one claim, as the abstract primarily presents a new development rather than making a comparison or argument.",llama3.1:8b
impact of sodium glucose cotransporter 2 inhibitors on bladder cancer and breast cancer: a pharmacovigilance analysis and mendelian randomization study.,SGLT2 inhibitors are associated with a higher risk of bladder cancer.,support,The study found disproportionate reporting frequencies and a statistically significant odds ratio for bladder cancer.,"Claim: SGLT2 inhibitors are associated with a higher risk of bladder cancer.
Stance: Support
Reason: The study found disproportionate reporting frequencies and a statistically significant odds ratio for bladder cancer.",llama3.1:8b
