title,abstract,year,paperId,source
Metformin and Breast Cancer: Current Findings and Future Perspectives from Preclinical and Clinical Studies,"Over the last several decades, a growing body of research has investigated the potential to repurpose the anti-diabetic drug metformin for breast cancer prevention and/or treatment. Observational studies in the early 2000s demonstrated that patients with diabetes taking metformin had decreased cancer risk, providing the first evidence supporting the potential role of metformin as an anti-cancer agent. Despite substantial efforts, two decades later, the exact mechanisms and clinical efficacy of metformin for breast cancer remain ambiguous. Here, we have summarized key findings from studies examining the effect of metformin on breast cancer across the translational spectrum including in vitro, in vivo, and human studies. Importantly, we discuss critical factors that may help explain the significant heterogeneity in study outcomes, highlighting how metformin dose, underlying metabolic health, menopausal status, tumor subtype, membrane transporter expression, diet, and other factors may play a role in modulating metformin’s anti-cancer effects. We hope that these insights will help with interpreting data from completed studies, improve the design of future studies, and aid in the identification of patient subsets with breast cancer or at high risk for the disease who are most likely to benefit from metformin treatment.",2024,685cf230a9e512a975822102b3857c91e986ac7b,SemanticScholar
Effects of metformin on transcriptomic and metabolomic profiles in breast cancer survivors enrolled in the randomized placebo-controlled MetBreCS trial,"Metformin reduces the incidence of breast cancer in patients with obesity and type 2 diabetes. However, our knowledge of the effects of metformin on breast cancer recurrence is limited. Within the randomized double-blind placebo-controlled phase II trial MetBreCS, we examined changes in breast tissue from breast cancer survivors with BMI > 25 kg/m2 after treatment with metformin. To identify metformin-regulated signaling pathways, we integrated the transcriptomic, metabolomic and steroid hormone profiles using bivariate and functional analyses. We identified MS4A1, HBA2, MT-RNR1, MT-RNR2, EGFL6 and FDCSP expression to be differentially expressed in breast tissues from metformin-treated postmenopausal women. The integration of transcriptomic and metabolomic profiles revealed down-regulation of immune response genes associated with reduced levels of arginine and citrulline in the metformin-treated group. The integration of transcriptomic and steroid hormone profiles showed an enrichment of steroid hormone biosynthesis and metabolism pathways with highly negatively correlated CYP11A1 and CYP1B1 expression in breast tissue from postmenopausal metformin-treated women. Our results indicate that postmenopausal breast cancer survivors treated with metformin have specific changes in breast tissue gene expression that may prevent the development of new tumors. Trial registration: MetBreCs trial is registered at European Union Clinical Trials Register (EudraCT Protocol # 2015-001001-14) on 07/10/2015.",2025,46c0608dca3344dfd4733f529980d993bbcf78e4,SemanticScholar
Metformin-Based Combination Approaches for Triple-Negative Breast Cancer,"Numerous anti-diabetic medications, including metformin, have been explored for their anticancer effects because of the substantial correlation between diabetes and cancer incidence. Metformin has recently gained interest for its anticancer effects against malignancies such as breast cancer, one of the leading causes of death among women worldwide. The cancer-related characteristics of cell proliferation, invasion, migration, and apoptosis are all targeted by metformin. Among breast cancer patients, triple-negative breast cancer (TNBC) is linked to an increased risk of early recurrence and metastases and has poor prognosis. In addition, TNBC has fewer treatment options compared to other breast cancer subtypes because it lacks hormone receptors and human epidermal growth factor receptor 2 (HER2), and it often develops resistance to available treatment options. The current review highlights the recent updates on the mechanistic insights and the efficacy of metformin and metformin-based approaches for the treatment of TNBC. We logically discuss the experimental evidence from the in vitro and in vivo studies exploring metformin’s effects on metabolic pathways, and then its combination with other therapeutic agents, targeting cell signaling pathways, and approaches to enhance metformin’s effects. We also present clinical studies that underscore the beneficial outcomes of metformin or its combination with other agents in TNBC patients.",2025,98cfc0205b10486d759ebf554ad9607f6486c1d9,SemanticScholar
Metformin sensitizes triple-negative breast cancer to histone deacetylase inhibitors by targeting FGFR4,"Triple-negative breast cancer (TNBC) is characterized by high malignancy, strong invasiveness, and a propensity for distant metastasis, leading to poor prognosis and relatively limited treatment options. Metformin, as a first-line oral hypoglycemic agent, has garnered widespread research interest in recent years due to its potential in cancer prevention and treatment. However, its efficacy varies significantly across different tumor types. Histone deacetylase inhibitors (HDACi), such as SAHA, have demonstrated antitumor activity, but TNBC responds poorly to HDACi monotherapy, possibly due to feedback activation of the JAK-STAT pathway. Exploring the synergistic potential and underlying mechanisms of combining metformin with HDACi in TNBC treatment is crucial. We predicted the synergistic effects of metformin and SAHA in TNBC using multiple computational methods (CMap, DTsyn, and DrugComb). We also developed a cancer-specific compound mimic library (CDTSL) and applied a three-step strategy to identify genes fitting the ""metformin sensitization"" model. Subsequently, we evaluated the synergistic effects of metformin and SAHA in TNBC cell lines through cell proliferation, colony formation, and apoptosis assays. Furthermore, we investigated the molecular mechanisms of the combined treatment using techniques such as transcriptome sequencing, chromatin immunoprecipitation (ChIP), Western blotting, and measurement of extracellular acidification rate (ECAR). Additionally, we assessed the in vivo antitumor effects of the combined therapy in a nude mouse subcutaneous xenograft model. CMap, DTsyn, and DrugComb all predicted the synergistic effects of SAHA and metformin in TNBC. The screening results revealed that HDAC10 played a key role in metformin sensitization. We found that the combination of metformin and SAHA exhibited synergistic antitumor effects (combination index CI < 0.9) in TNBC cell lines. Mechanistically, metformin inhibited histone acetylation on FGFR4, thereby blocking the feedback activation of FGFR4 downstream pathways induced by SAHA. Furthermore, metformin interfered with the glycolysis process induced by SAHA, altering the metabolic reprogramming of tumor cells. In in vivo experiments, the combined treatment of metformin and SAHA significantly inhibited the growth of subcutaneous tumors in nude mice. Metformin enhances the sensitivity of TNBC to HDAC inhibitors by blocking the FGFR4 pathway and interfering with metabolic reprogramming. When used in combination with SAHA, metformin exhibits synergistic antitumor effects. Our study provides a theoretical basis for the combined application of HDAC inhibitors and metformin, potentially offering a new strategy for the treatment of TNBC.",2025,4808e34a3fbe08e79e56f913f1ef735bb36d1d89,SemanticScholar
Impact of diabetes and metformin on cuproptosis and ferroptosis in breast cancer patients: an immunohistochemical analysis,"Breast cancer patients with diabetes are often associated with poor prognosis. This study aims to investigate the role of metformin in ferroptosis and cuproptosis in diabetic breast cancer patients and explore its potential impact on clinical outcomes. We retrospectively analyzed tissue samples from 16 breast cancer patients, including 5 non-diabetic and 11 diabetic patients (6 treated with metformin). Immunohistochemistry (IHC) staining was performed for cuproptosis (FDX1, DLAT), ferroptosis (ACSL4, GPX4), and glycolysis markers (LDHA, PKM2). Statistical analysis used quantitative results from immunohistochemistry. Patients treated with metformin showed significantly higher expression of FDX1 and ACSL4, along with a significant decrease in GPX4 compared to other groups. Kaplan–Meier survival analysis revealed that high FDX1 expression was associated with longer survival in breast cancer patients. Correlation analysis showed a positive association between ACSL4 and FDX1 (R = 0.51, P = 0.045), suggesting a relationship between these markers. Metformin may simultaneously enhance both cuproptosis and ferroptosis in breast cancer. FDX1 expression could serve as a prognostic marker for survival, especially in diabetic patients, providing insights into targeting metabolic and cell death pathways in breast cancer therapy.",2025,e8d7554e25895bc7639049e5627c832d8900249d,SemanticScholar
Metformin Inhibits Cell Motility and Proliferation of Triple-Negative Breast Cancer Cells by Blocking HMGB1/RAGE Signaling,"High-mobility group box 1 (HMGB1) is a nuclear chromatin protein overexpressed in various cancers and linked to tumor progression. Outside the cell, HMGB1 binds to receptors such as the receptor for advanced glycation end products (RAGE), promoting metastasis. Targeting this signaling pathway may provide a new therapeutic strategy for aggressive cancers. Metformin, a well-established antidiabetic drug, directly interacts with HMGB1, inhibiting its pro-inflammatory functions. This study investigates metformin’s effects on the HMGB1/RAGE signaling pathway in triple-negative breast cancer (TNBC) cells. Using wound-healing and colony formation assays, we demonstrate that metformin reduces HMGB1-induced cell migration and proliferation. Immunoblotting and immunofluorescence analyses reveal that metformin decreases RAGE stabilization on the cell membrane, disrupts NF-κB signaling, and reverses the epithelial-to-mesenchymal transition (EMT) by increasing E-cadherin, reducing vimentin, and stabilizing β-catenin at the cell membrane. Furthermore, metformin lowers HMGB1 and RAGE protein levels, disrupting the positive feedback loop that promotes cancer aggressiveness. These findings highlight metformin’s potential as a therapeutic agent in TNBC by inhibiting HMGB1/RAGE-driven metastasis.",2025,1f0bc4e7e2b363c3542ed7a5895db36f49b768c2,SemanticScholar
Metformin enhances alpelisib sensitivity in HER2+ breast cancer by suppressing cancer stemness and oncogenic signaling,"Introduction Alpelisib, a selective PI3Kα inhibitor that targets PIK3CA mutations, is approved for hormone receptor–positive, HER2-negative breast cancer. However, its therapeutic potential in HER2-positive disease remains underexplored. Hyperglycemia, a frequent adverse event of alpelisib, limits its clinical application. Metformin, an antidiabetic drug with reported anticancer activity, may counteract alpelisib-induced hyperglycemia while enhancing its antitumor efficacy. Methods We evaluated the effects of alpelisib alone and in combination with metformin in HER2-overexpressing breast cancer cell lines SK-BR-3 and BT-474. Cell viability, colony formation, and tumorsphere assays were performed to assess proliferation and stemness. Flow cytometry was used to analyze ALDH1-positive cell populations and cell-cycle distribution. Synergy was determined using the combination index method. Western blotting examined the effects on signaling pathways and stemness-associated proteins. Results Alpelisib monotherapy inhibited proliferation, colony formation, and cancer stem cell features in both cell lines. Metformin enhanced these effects, demonstrating strong synergism. Combination treatment induced significant G0/G1 cell-cycle arrest, reduced ALDH1⁺ populations, and decreased tumorsphere formation. Mechanistically, co-treatment broadly suppressed receptor tyrosine kinase–mediated signaling, augmenting inhibition of PI3K/Akt/mTOR, MAPK/ERK, and JAK/STAT pathways, along with downregulation of c-Myc. Stemness-related proteins including β-catenin, Nanog, Sox2, KLF4, and LGR5 were also markedly reduced. Discussion These findings indicate that metformin synergistically enhances the antitumor activity of alpelisib in HER2-positive breast cancer by inhibiting oncogenic signaling and stemness pathways. Beyond its metabolic benefit in mitigating hyperglycemia, metformin may potentiate PI3K-targeted therapies, supporting further preclinical and clinical evaluation of this combination strategy.",2025,f2de196a6b3a8d109724440232c1f2897ba9b4c3,SemanticScholar
Metformin induces mitochondria-mediated and endoplasmic reticulum stress-mediated apoptosis and inhibits angiogenesis-related gene expression in breast cancer cells via targeting VEGF-A/VEGFR2/NRP1,"Aim To investigate the apoptotic and anti-angiogenic effects of metformin in human MCF7 breast cancer cells. Methods The effect of metformin on cell viability was assessed by MTS and crystal violet assays, and its effect on cell migration was evaluated by the wound healing assay. The gene expression and protein levels of angiogenesis- and apoptosis-related genes were determined by real-time polymerase chain reaction, Western blot, and flow cytometry. Results Metformin reduced the viability and migration of breast cancer cells compared with the control group. Furthermore, metformin (10 μM) increased the apoptosis-related gene and protein expression of caspase-3, Bax, AIF, CHOP and GRP78 48 hours after treatment compared with the control group. In contrast, it significantly decreased Bcl-2 and Wee1 gene and protein expression and suppressed angiogenesis-related genes VEGFA, VEGFR2, and NRP1. Conclusions Our results suggest that metformin treatment activates apoptosis pathways and inactivates the angiogenesis pathway. Although this study was conducted in vitro and did not directly evaluate blood vessel formation, the observed downregulation of angiogenesis-related genes suggests potential anti-angiogenic activity of metformin at the gene expression level.",2025,07fbcd38217bc07c4770bad596fe4968430cedad,SemanticScholar
Metformin Use and Risk of Breast Cancer-Related Lymphedema: A Retrospective Analysis.,"BACKGROUND
Over 30% of breast cancer patients develop lymphedema following axillary lymph node dissection (ALND), significantly impacting their quality of life. Comorbid conditions like diabetes mellitus (DM), which contribute to endothelial dysfunction and inflammation, may also affect lymphatic endothelium. Preclinical studies suggest that metformin, a common DM treatment, may reduce lymphedema risk.


STUDY DESIGN
We conducted a retrospective analysis of breast cancer patients at Memorial Sloan Kettering Cancer Center who underwent ALND from January 2004 through December 2022 (4,882 patients overall). We stratified patients according to if they were diagnosed with DM at the time of surgery, and if so, if they were receiving metformin. We also conducted univariable and multivariable analyses of patient demographics for the overall cohort and the metformin vs no-metformin DM subgroups.


RESULTS
Of the 407 patients with diabetes at the time of ALND, 250 (61%) were receiving metformin and 157 (39%) were not. While having diabetes at the time of ALND was a significant risk factor for lymphedema on univariable (HR: 1.38; 95% CI: 1.14, 1.66; P < .001) and multivariable (HR: 1.55; 95% CI: 1.19, 2.02; P = .001) analysis, metformin treatment was associated with a significant decrease in lymphedema risk (univariable HR: 0.66; 95% CI: 0.46, 0.94; P = .023; multivariable HR: 0.62; 95% CI: 0.43, 0.89; P = .010).


CONCLUSION
Diabetic breast cancer patients have a significantly increased risk of developing lymphedema after ALND; however, those using metformin at the time of surgery had a lower incidence compared to non-users.",2025,907f1d785c2fbcfadedb9e14ec5fbdd3b48684c2,SemanticScholar
Targeting insulin-like growth factor-1 (IGF-1) by using metformin in non-diabetic metastatic breast cancer female patients: a randomized controlled trial,,2025,99139e48b6c41628fc0c93ffe0640f7ac6128c9c,SemanticScholar
Metformin for the treatment of breast cancer: a scoping review of randomized clinical trials,"Metformin has been the focus of substantial interest in the field of oncology. Although breast cancer is the type of cancer where metformin was most extensively studied through randomized clinical trials (RCTs), none of the previous reviews in this field provided a comprehensive overview of the landscape of RCTs taking into account the phenotype of breast cancer, its staging, and treatment modalities. This scoping review sought to comprehensively map the literature of RCTs focusing on the use of metformin in the treatment of breast cancer and followed the Preferred Reporting Items for Systematic Review and Meta-Analysis (PRISMA) Extension for Scoping Reviews guidelines. The eligibility criteria encompassed all RCTs involving metformin for adult patients with breast cancer, with no constraints regarding context, language, publication date, or outcomes. We included 122 reports from 40 RCTs comprising a total of 5,623 participants and 107 distinct outcomes. The results showed that most studies did not present results by phenotype of breast cancer and highlighted critical gaps and opportunities in the literature. Notably, limited evidence from subgroup analyses within a large RCT suggested potential benefits of metformin in improving overall and disease-free survival among HER2 + participants but not among patients with other phenotypes, a result that requires further investigation. Our findings highlight the potential for considerably expanding the current knowledge base in this field through the retrospective determination of participant phenotypes, facilitating cost-effective and time-efficient individual participant data meta-analyses. Furthermore, we recommend that funding agencies and journals mandate the comprehensive presentation of results from RCTs on breast cancer based on phenotype.",2025,2751df5476b10314a59f4a6cf704a7379998a1d5,SemanticScholar
"Preventing alpelisib-related hyperglycaemia in HR+/HER2−/PIK3CA-mutated advanced breast cancer using metformin (METALLICA): a multicentre, open-label, single-arm, phase 2 trial","Summary Background Hyperglycaemia is an early and frequent adverse event during alpelisib treatment. METALLICA aimed to evaluate prophylactic metformin to prevent or reduce hyperglycaemia occurrence in patients with HR+/HER2−/PIK3CA-mutated advanced breast cancer (ABC). Methods Between August 13th, 2020 and March 23rd, 2022, this 2-cohort, phase 2, multicentre, single-arm trial (NCT04300790) enrolled patients with HR+/HER2−/PIK3CA-mutated ABC: cohort A, normal glycaemia (fasting plasma glucose <100 mg/dL [<5.6 mmol/L] and HbA1c <5.7%), and cohort B, prediabetes (fasting plasma glucose 100–140 mg/dL [5.6–7.8 mmol/L] and/or haemoglobin A1C [HbA1c] 5.7–6.4%). Participants were at least 18 years old, with Eastern Cooperative Oncology Group performance status of 0–1, and up to two prior lines of endocrine therapy (ET) for ABC. Alpelisib plus ET were administered in 28-day cycles after initiation of prophylactic metformin plus ET. Primary endpoint was the incidence of grade 3–4 hyperglycaemia over the first 8 weeks. Secondary endpoints included safety, progression-free survival (PFS), objective response rate (ORR), and clinical benefit rate (CBR). The primary objective for cohort A and B is met with ≤7 (14.6%) and ≤4 (20%) patients with grade 3–4 hyperglycaemia over the first 8 weeks, respectively. Findings 233 patients were screened, and 68 (20.2%) patients were enrolled in cohorts A (n = 48) and B (n = 20). Median follow-up was 7.8 months (IQR 1.4–19.6). Over the first 8 weeks, one (2.1%) of 48 patients in cohort A (95% CI: 0.5–11.1; P < 0.0001), and three (15.0%) of 20 patients in cohort B (95% CI: 5.6–37.8; P = 0.016) had grade 3–4 hyperglycaemia. Serious treatment-related adverse events occurred in seven patients (10.3%). The most common were rash (two [2.9%]), vomiting (two [2.9%]), and diarrhoea (two [2.9%]). Discontinuation of alpelisib caused by AEs was reported in nine patients (13.2%), none caused by hyperglycaemia. At data cutoff (15 June, 2022), no treatment-related deaths were observed. In the full analysis set, median PFS was 7.3 months (95% CI: 5.9–not reached), ORR was 20.6% (95% CI: 11.7–32.1%), and CBR was 52.9% (95% CI: 40.4–65.2). Interpretation In HR+/HER2−/PIK3CA-mutated ABC, prophylactic metformin before alpelisib plus endocrine treatment has low incidence and severity of alpelicib-induced hyperglycaemia. Funding Novartis Pharmaceuticals.",2024,5f1e7a29325a838047f87572694357e3de44ff0e,SemanticScholar
Chitosan nanoparticles loaded with metformin and digoxin synergistically inhibit MCF-7 breast cancer cells through suppression of NOTCH-1 and HIF-1α gene expression.,"This study investigated the potential anticancer efficacy of co-treating the MCF-7 breast cancer cell line with chitosan nanoparticles (Cs NPs) loaded with metformin (Met) and digoxin (Dig). The Cs NPs had a size range of 90.6-148.7 nm and a zeta potential of +11.7 to +11.9 mV, indicating a positive surface charge. Notably, the Cs NPs demonstrated high encapsulation efficiencies, with values of 90.97 ± 5.14 % for Met and 92.12 ± 3.81 % for Dig, indicating effective loading of both drugs. The results revealed that the co-delivery of Met and Dig via Cs NPs significantly enhanced the anticancer efficacy, outperforming the treatment with individual free drugs or their combination, thereby demonstrating the potential benefits of nanoparticle-mediated co-administration. The drugs-loaded Cs NPs induced a marked increase in apoptosis in MCF-7 cells, with a cell death rate of 67.56 %, and significantly reduced mammosphere size by 48.08 %, thereby demonstrating a superior therapeutic efficacy compared to treatment with individual free drugs or their combination. Notably, the drug-loaded Cs NPs exhibited potent anti-migratory and anti-angiogenic effects, significantly inhibiting cell migration and new blood vessel formation, which may contribute to overcoming the inherent resistance of tumors to conventional therapies. Mechanistically, the co-treatment with drugs-loaded Cs NPs was found to downregulate the expression of NOTCH-1 and HIF-1α, two key transcription factors involved in tumor cell survival and adaptation, suggesting that their inhibition is a crucial component of the therapeutic efficacy of this treatment strategy. Collectively, the findings of this study suggest that the co-delivery of Met and Dig via chitosan Cs NPs represents a promising therapeutic strategy for breast cancer, as it effectively targets key pathways involved in tumor growth and progression, and underscores the potential of Cs NPs as a versatile platform for cancer therapy.",2024,34ade075662a9841d1974b4929b91f06abe7e7e0,SemanticScholar
Metformin-loaded chitosan nanoparticles augment silver nanoparticle-induced radiosensitization in breast cancer cells during radiation therapy.,"Recent research has focused on enhancing tumor response to radiation therapy using radiosensitizers to increase radiation absorption by cancerous tissues. This study utilized silver nanoparticles (AgNPs) as radiation sensitizers and chitosan as a nanocarrier to deliver metformin to breast cancer cells. Metformin-loaded chitosan nanoparticles (Met NPs) and AgNPs were synthesized and characterized. MCF-7 breast cancer cells were pretreated with Met NPs, followed by treatment with AgNPs and irradiation with X-rays at 2, 4, and 8 Gy doses. Cellular cytotoxicity, apoptosis, DNA damage, and 3D spheroid formation were evaluated. The synthesized Met NPs and AgNPs had average diameters of 51.5 ± 9.4 nm and 3.02 ± 0.03 nm, respectively. Cellular cytotoxicity assessment revealed the highest cytotoxicity in MCF-7 cells pretreated with Met NPs, treated with AgNPs, and irradiated with 8 Gy. Flow cytometry analysis demonstrated a 67.58 % apoptosis rate in cells pretreated with Met NPs, compared to 30.42 % in cells pretreated with plain metformin. DAPI staining revealed a 1.8-fold increase in DNA damage in cells pretreated with Met NPs and Ag NPs upon exposure to radiation. The 3D spheroid culture model confirmed a 60 % enhancement in the radiosensitivity of breast cancer cells in the presence of Met NPs and Ag NPs. The combination of Met NPs and Ag NPs represents a promising strategy to improve the therapeutic efficacy of radiation therapy for breast cancer treatment. The delivery of metformin can potentiate the radiosensitizing effects of Ag NPs, offering a novel approach to enhance cancer cells' response to radiation.",2024,9aefd3c8e957b6dcdefef06ed0b94fbff53834db,SemanticScholar
Codelivery of metformin and methotrexate with optimized chitosan nanoparticles for synergistic triple-negative breast cancer therapy in vivo.,"The development of effective therapeutic strategies for triple-negative breast cancer (TNBC), an aggressive subtype with limited treatment options, remains a critical challenge. This study aimed to design and evaluate a combination therapy using chitosan nanoparticles (Cs NPs) loaded with metformin (Met) and methotrexate (MTX) as a promising approach for TNBC management. The Cs NPs exhibited an average size of 78.8 ± 25.84 nm for blank Cs NPs, 84.50 ± 22.54 nm for Met-Cs NPs, and 86.70 ± 30.90 nm for MTX-Cs NPs, with positive surface charges of 26.40 ± 1.40 mV, 28.20 ± 1.60 mV, and 14.30 ± 2.40 mV, respectively. The drug encapsulation efficiency was 88.56 ± 2.26 % for Met-Cs NPs and 97.03 ± 0.52 % for MTX-Cs NPs. The cellular uptake studies demonstrated a time-dependent increase in the accumulation of Shikonin-labeled Cs NPs in 4T1 cells. The cytotoxicity assays revealed that Met-Cs NPs and MTX-Cs NPs exhibited significantly lower IC50 values (19.85 μg/mL and 103.2 ng/mL, respectively) compared to the plain drugs at 48 h. The combination of Met-/MTX-Cs NPs showed a synergistic cytotoxic effect, inducing 50 % cell death at 15.233 μg/mL of Met and 0.166 μg/mL of MTX. In vivo studies using a 4T1 xenograft mouse model demonstrated that the combination of Met-/MTX-Cs NPs resulted in a 100 % reduction in initial tumor volume, compared to a 40 % decrease with the free drug combination. The tumor growth inhibition was 70.45 % for the Met-/MTX-Cs NPs group, significantly higher than the 33.86 % observed in the free drug combination group. The findings of this study highlight the potential of the Met-/MTX-Cs NPs combination as a novel and effective therapeutic approach for TNBC management. The enhanced therapeutic efficacy, improved safety profile, and the ability to modulate key signaling pathways make this nanoparticle-based combination therapy a promising candidate for further clinical investigation.",2024,6960cd7244a8d1596ee9173fffacac979122747d,SemanticScholar
Enhancement of targeted therapy in combination with metformin on human breast cancer cell lines,"Background Breast cancer remains a primary global health concern due to its limited treatment options, frequent disease recurrence, and high rates of morbidity and mortality. Thereby, there is a need for more effective treatment approaches. The proposal suggests that the combination of targeted therapy with other antitumoral agents could potentially address drug resistance. In this study, we examined the antitumoral effect of combining metformin, an antidiabetic drug, with targeted therapies, including tamoxifen for estrogen receptor-positive (MCF-7), trastuzumab for HER2-positive (SKBR-3), and antibody against ROR1 receptor for triple-negative breast cancer (MDA-MB-231). Methods Once the expression of relevant receptors on each cell line was confirmed and appropriate drug concentrations were selected through cytotoxicity assays, the antitumor effects of both monotherapy and combination therapy on colony formation, migration, invasion were assessed in in vitro as well as tumor area and metastatic potential in ex ovo Chick chorioallantoic membrane (CAM) models. Results The results exhibited the enhanced effects of tamoxifen when combined with targeted therapy. This combination effectively inhibited cell growth, colony formation, migration, and invasion in vitro. Additionally, it significantly reduced tumor size and metastatic potential in an ex ovo CAM model. Conclusions The findings indicate that a favorable strategy to enhance the efficacy of breast cancer treatment would be to combine metformin with targeted therapies. Graphical Abstract",2024,a70a8be7f622627135434d367e430b8a72ae45db,SemanticScholar
Harnessing Metformin’s Immunomodulatory Effects on Immune Cells to Combat Breast Cancer,"Metformin, a medication known for its anti-glycemic properties, also demonstrates potent immune system activation. In our study, using a 4T1 breast cancer model in BALB/C WT mice, we examined metformin’s impact on the functional phenotype of multiple immune cells, with a specific emphasis on natural killer T (NKT) cells due to their understudied role in this context. Metformin administration delayed the appearance and growth of carcinoma. Furthermore, metformin increased the percentage of IFN-γ+ NKT cells, and enhanced CD107a expression, as measured by MFI, while decreasing PD-1+, FoxP3+, and IL-10+ NKT cells in spleens of metformin-treated mice. In primary tumors, metformin increased the percentage of NKp46+ NKT cells and increased FasL expression, while lowering the percentages of FoxP3+, PD-1+, and IL-10-producing NKT cells and KLRG1 expression. Activation markers increased, and immunosuppressive markers declined in T cells from both the spleen and tumors. Furthermore, metformin decreased IL-10+ and FoxP3+ Tregs, along with Gr-1+ myeloid-derived suppressor cells (MDSCs) in spleens, and in tumor tissue, it decreased IL-10+ and FoxP3+ Tregs, Gr-1+, NF-κB+, and iNOS+ MDSCs, and iNOS+ dendritic cells (DCs), while increasing the DCs quantity. Additionally, increased expression levels of MIP1a, STAT4, and NFAT in splenocytes were found. These comprehensive findings illustrate metformin’s broad immunomodulatory impact across a variety of immune cells, including stimulating NKT cells and T cells, while inhibiting Tregs and MDSCs. This dynamic modulation may potentiate its use in cancer immunotherapy, highlighting its potential to modulate the tumor microenvironment across a spectrum of immune cell types.",2024,ca722f32ae3191cbdf6bb29b12c31fe4dd15c4b6,SemanticScholar
Efficacy of metformin and electrical pulses in breast cancer MDA-MB-231 cells,"Aim: Triple-negative breast cancer (TNBC) is a very aggressive subset of breast cancer, with limited treatment options, due to the lack of three commonly targeted receptors, which merits the need for novel treatments for TNBC. Towards this need, the use of metformin (Met), the most widely used type-2 diabetes drug worldwide, was explored as a repurposed anticancer agent. Cancer being a metabolic disease, the modulation of two crucial metabolites, glucose, and reactive oxygen species (ROS), is studied in MDA-MB-231 TNBC cells, using Met in the presence of electrical pulses (EP) to enhance the drug efficacy. Methods: MDA-MB-231, human TNBC cells were treated with Met in the presence of EP, with various concentrations Met of 1 mmol/L, 2.5 mmol/L, 5 mmol/L, and 10 mmol/L. EP of 500 V/cm, 800 V/cm, and 1,000 V/cm (with a pulse width of 100 µs at 1 s intervals) were applied to TNBC and the impact of these two treatments was studied. Various assays, including cell viability, microscopic inspection, glucose, ROS, and wound healing assay, were performed to characterize the response of the cells to the combination treatment. Results: Combining 1,000 V/cm with 5 mmol/L Met yielded cell viability as low as 42.6% at 24 h. The glucose level was reduced by 5.60-fold and the ROS levels were increased by 9.56-fold compared to the control, leading to apoptotic cell death. Conclusions: The results indicate the enhanced anticancer effect of Met in the presence of electric pulses. The cell growth is inhibited by suppressing glucose levels and elevated ROS. This shows a synergistic interplay between electroporation, Met, glucose, and ROS metabolic alterations. The results show promises for combinational therapy in TNBC patients.",2024,641a186ceffb2cb2f621a20c3b54c6be5f4d0184,SemanticScholar
New evidence: Metformin unsuitable as routine adjuvant for breast cancer: a drug-target mendelian randomization analysis,"The potential efficacy of metformin in breast cancer (BC) has been hotly discussed but never conclusive. This genetics-based study aimed to evaluate the relationships between metformin targets and BC risk. Metformin targets from DrugBank and genome-wide association study (GWAS) data from IEU OpenGWAS and FinnGen were used to investigate the breast cancer (BC)-metformin causal link with various Mendelian Randomization (MR) methods (e.g., inverse-variance-weighting). The genetic association between type 2 diabetes (T2D) and the drug target of metformin was also analyzed as a positive control. Sensitivity and pleiotropic tests ensured reliability. The primary targets of metformin are PRKAB1, ETFDH and GPD1L. We found a causal association between PRKAB1 and T2D (odds ratio [OR] 0.959, P = 0.002), but no causal relationship was observed between metformin targets and overall BC risk (PRKAB1: OR 0.990, P = 0.530; ETFDH: OR 0.986, P = 0.592; GPD1L: OR 1.002, P = 0.806). A noteworthy causal relationship was observed between ETFDH and estrogen receptor (ER)-positive BC (OR 0.867, P = 0.018), and between GPD1L and human epidermal growth factor receptor 2 (HER2)-negative BC (OR 0.966, P = 0.040). Other group analyses did not yield positive results. The star target of metformin, PRKAB1, does not exhibit a substantial causal association with the risk of BC. Conversely, metformin, acting as an inhibitor of ETFDH and GPD1L, may potentially elevate the likelihood of developing ER-positive BC and HER2-negative BC. Consequently, it is not advisable to employ metformin as a standard supplementary therapy for BC patients without T2D.",2024,086f7facd66305e9706f24bd3618fc341e1b235c,SemanticScholar
Effect of metformin and lifestyle intervention on adipokines and hormones in breast cancer survivors: a pooled analysis from two randomized controlled trials,"We investigated the effect of metformin and lifestyle intervention on metabolic, inflammatory, and steroid biomarkers of breast cancer (BC) recurrence risk in two intervention trials among BC survivors with overweight or obesity. Baseline and follow-up serum samples collected during the two trials were analyzed and data pooled. The USA trial (Reach for Health) included postmenopausal BC survivors (n = 333) randomly assigned to 6-month metformin vs placebo and lifestyle intervention (LSI) vs control (2 × 2 factorial design). The Italian trial (MetBreCS) included BC survivors (n = 40) randomized to 12-month metformin vs placebo. Insulin resistance (HOMA-IR), adipokines, cytokines, and steroids were measured. Metformin compared to placebo showed a favorable decrease in leptin (− 8.8 vs − 3.5 ng/mL; p < 0.01) and HOMA-IR (− 0.48 vs − 0.25; p = 0.03), and an increase in SHBG (2.80 vs 1.45 nmol/L; p < 0.01). Excluding women taking aromatase inhibitors, metformin (n = 84) compared to placebo (n = 99) decreased estradiol (− 4 vs 0 pmol/L; p < 0.01), estrone (− 8 vs 2 pmol/L; p < 0.01) and testosterone (− 0.1 vs 0 nmol/L-; p = 0.02). LSI favorably affected adiponectin (0.45 vs − 0.06 ug/mL; p < 0.01), leptin (− 10.5 vs − 4.4 ng/mL; p < 0.01), HOMA-IR (− 0.6 vs 0.2; p = 0.03), and SHBG (2.7 vs 1.1 nMol/L; p = 0.04) compared to controls. The strongest impact was observed combining metformin with LSI on adipokines, CRP, SHBG, and estrogens. Supportive healthy lifestyle programs combined with metformin to achieve maximal risk reduction among BC cancer survivors are recommended, especially for those with obesity in menopause.",2024,02398bfbadd5377b338e21d973d3220b5eab7cf9,SemanticScholar
"Synthesis of metformin-derived fluorescent quantum dots: uptake, cytotoxicity, and inhibition in human breast cancer cells through autophagy pathway","Breast cancer remains a challenge for physicians. Metformin, an antidiabetic drug, show promising anticancer properties against cancers. An emerging quantum dot (QD) material improves therapeutic agents’ anticancer and imaging properties. QD are nano-sized particles with extreme application in nanotechnology captured by cells and accumulated inside cells, suggesting bioimaging and effective anticancer outcomes. In this study, a simple one-pot hydrothermal method was used to synthesize fluorescent metformin-derived carbon dots (M-CDs) and then investigated the cytotoxic effects and imaging features on two human breast cancer cell lines including, MCF-7 and MDA-MB-231 cells. Results showed that M-CDs profoundly decreased the viability of both cancer cells. IC50 values showed that M-CDs were more cytotoxic than metformin either 24–48 h post-treatment. Cancer cells uptake M-CDs successfully, which causes morphological changes in cells and increased levels of intracellular ROS. The number of Oil Red O-positive cells and the expression of caspase-3 protein were increased in M-CDs treated cells. Authophagic factors including, AMPK, mTOR, and P62 were down-regulated, while p-AMPK, Becline-1, LC3 I, and LC3 II were up-regulated in M-CDs treated cells. Finally, M-CDs caused a decrease in the wound healing rate of cells. For the first, M-CDs were synthesized by simple one-pot hydrothermal treatment without further purification. M-CDs inhibited both breast cancer cells through modulating autophagy signalling.",2024,a610bf001265edb9fa4740b2c4e253b5922e9d1e,SemanticScholar
A randomized controlled study of neoadjuvant metformin with chemotherapy in nondiabetic breast cancer women: The METNEO study,"Clinical data demonstrate that metformin exhibits antiproliferative, proapoptotic and antimetastatic actions. Here, correlative molecular studies were undertaken to determine the roles of transmembrane tumour necrosis factor‐related apoptosis‐inducing ligand death receptors (DRs) and CD133, a glycoprotein biomarker of breast cancer (BC) stem cells, in the advantageous action of metformin on pathological and clinical outcomes in BC patients on neoadjuvant chemotherapy.",2024,1ad16c6f50bf274b56842d9a0f66515d676f0d4c,SemanticScholar
Metformin Prevents Tumor Cell Growth and Invasion of Human Hormone Receptor-Positive Breast Cancer (HR+ BC) Cells via FOXA1 Inhibition,"Women with type 2 diabetes (T2D) have a higher risk of being diagnosed with breast cancer and have worse survival than non-diabetic women if they do develop breast cancer. However, more research is needed to elucidate the biological underpinnings of these relationships. Here, we found that forkhead box A1 (FOXA1), a forkhead family transcription factor, and metformin (1,1-dimethylbiguanide hydrochloride), a medication used to treat T2D, may impact hormone-receptor-positive (HR+) breast cancer (BC) tumor cell growth and metastasis. Indeed, fourteen diabetes-associated genes are highly expressed in only three HR+ breast cancer cell lines but not the other subtypes utilizing a 53,805 gene database obtained from NCBI GEO. Among the diabetes-related genes, FOXA1, MTA3, PAK4, FGFR3, and KIF22 were highly expressed in HR+ breast cancer from 4032 breast cancer patient tissue samples using the Breast Cancer Gene Expression Omnibus. Notably, elevated FOXA1 expression correlated with poorer overall survival in patients with estrogen-receptor-positive/progesterone-receptor-positive (ER+/PR+) breast cancer. Furthermore, experiments demonstrated that loss of the FOXA1 gene inhibited tumor proliferation and invasion in vitro using MCF-7 and T47D HR+ breast cancer cell lines. Metformin, an anti-diabetic medication, significantly suppressed tumor cell growth in MCF-7 cells. Additionally, either metformin treatment or FOXA1 gene deletion enhanced tamoxifen-induced tumor growth inhibition in HR+ breast cancer cell lines within an ex vivo three-dimensional (3D) organoid model. Therefore, the diabetes-related medicine metformin and FOXA1 gene inhibition might be a new treatment for patients with HR+ breast cancer when combined with tamoxifen, an endocrine therapy.",2024,16a72f7d598ff777b2d866461f584542387b108c,SemanticScholar
Statin use as a moderator on the association between metformin and breast cancer risk in women with type 2 diabetes mellitus,"Introduction Metformin and statins are considered as potential agents for prevention of breast cancer, however, existing evidence does not uniformly substantiate this claim, and the data is scarce concerning their interaction in relation to breast cancer risk. This study aims to investigate whether the effect of metformin on breast cancer incidence varied by statin use among women with type 2 diabetes mellitus (T2DM). Methods This study included women with T2DM, without a history of cancers, and followed up for more than one year from the Zwolle Outpatient Diabetes project Integrating Available Care (ZODIAC) for the period 1998–2014. The dataset was structured using a person-time approach, where the cumulative medication usage was annually updated for each person. The extended Cox proportional hazards models were employed, reporting adjusted hazard ratios (HR) with 95% confidence intervals (CI). Results During a median follow-up of 5 years, 515 of 29,498 women received a breast cancer diagnosis. Each additional year of metformin or statins use corresponded to a decrease in breast cancer incidence, while the magnitude attenuated over time. Noteworthily, statin use modified the effect of metformin on breast cancer incidence. For instance, after 5 years of follow-up, one-year increase of metformin use among women who used statins for 3 years was linked to a substantially reduced breast cancer risk (HR, 95% CI: 0.88, 0.84–0.93), however, there was no significant decrease in risk for those non-statins users (HR, 95% CI: 0.96, 0.89–1.04). Conclusions Extending metformin or statin usage by one year conferred breast cancer protection in women with T2DM. Enhanced protective effect of metformin was observed among those who also use statins. These results suggest the potential of combined metformin and statin therapy as promising breast cancer prevention strategies.",2024,ca5d63e0f0ac7d56ab3cdba240eb9cda41cf2690,SemanticScholar
Metformin as a Potential Therapeutic Agent in Breast Cancer: Targeting miR-125a Methylation and Epigenetic Regulation,"Breast cancer, characterized by genetic diversity and molecular subtypes, presents significant treatment challenges, especially in human epidermal growth factor receptor type 2 (HER2)-positive cases, which are associated with poor prognosis. Metformin, widely known for its antidiabetic effects, has emerged as a promising candidate for cancer therapy. This study investigates the effect of metformin on miR-125a promoter methylation and its subsequent impact on the HER2 signaling pathway in HER2-positive breast cancer cells (SK-BR3). SK-BR3 cells were cultured and treated with various concentrations of metformin to assess its effects on cell viability, DNA methylation, HER2, and DNA Methyltransferase 1 (DNMT1) expression. Molecular analyses focus on the miR-125a signaling pathway modulation, DNA methylation, mRNA expression of DNMT1, and protein level of HER2. Research showed a dose-dependent reduction in cell viability, with IC50 values from 65 mM at 48 hours to 35 mM at 72 hours. Metformin treatment led to demethylation of the miR-125a promoter, which increased miR-125a expression and subsequently reduced HER2 levels. This suggests that metformin exerts its anticancer effects partly by regulation of the miR-125a-HER2 axis. Additionally, metformin inhibited vimentin expression, indicating its potential to interfere with epithelial-mesenchymal transition (EMT) processes. Metformin may serve as a targeted therapeutic agent in HER2-positive breast cancer by modulating the miR-125a-HER2 axis and influencing on the epigenetic and EMT regulation. Further research is warranted to elucidate the therapeutic potential of metformin through these mechanisms.",2024,4007465f321a867ab97631188b6207db9760de30,SemanticScholar
Antiproliferative Mechanisms of Metformin in Breast Cancer: A Systematic Review of the Literature,"Metformin is an antidiabetic drug with reported potential antiproliferative activity against different cancer types including breast cancer. However, the mechanism of action of how metformin can induce its antiproliferative activity is still unclear. Thus, the current study is a systematic review of the literature aiming to explore the reported antiproliferative mechanisms of metformin against breast cancer. The study included seventeen research articles that describe different mechanisms of action against breast cancer. While the majority of the studies confirm the antiproliferative potential of metformin, albeit at different potencies, there appear to be various mechanisms and factors that can influence this effect. There are a number of questions yet to be answered pertaining the use of metformin as an anti-cancer agent, warranting further investigation into this emerging area of research.",2024,5dea536d6cf7d08b5d29b9614a56a75d6af33b1e,SemanticScholar
"Metformin Alters Tumor Immune Microenvironment, Improving the Outcomes of Breast Cancer Patients With Type 2 Diabetes Mellitus","This study investigated the clinical effect of metformin on breast cancer patients with preexisting type 2 diabetes mellitus (T2DM). We analyzed 177 patients with T2DM who underwent breast cancer surgery and assessed tumor-associated macrophages (TAMs) and tumor-infiltrating lymphocytes (TILs) in patients who underwent tumor resection with or without metformin treatment using multiplex immunohistochemistry (IHC). Patients who received metformin either pre- or postoperatively exhibited reduced distant organ recurrence and improved postoperative recurrence-free survival compared to those of patients who did not. Additionally, in a subgroup of 40 patients receiving preoperative systemic therapy, metformin treatment was associated with increased rates of pathological complete response. IHC analysis revealed significantly lower levels of cluster of differentiation (CD) 68(+) CD163(+) M2-type TAMs (p < 0.01) but higher CD3(+) and CD8(+) TIL densities in the metformin-treated group compared with the same parameters in those without metformin treatment, with a significant difference in the CD8(+)/CD3(+) TIL ratio (p < 0.01). Despite the constraints posed by our small sample size, our findings suggest a potential role for metformin in modulating the immunological microenvironment, which may contribute to improved outcomes in diabetes patients with breast cancer.",2024,6a9cbe84cc70be71334c4aedc2431c3668edcd15,SemanticScholar
The combined treatment with ketogenic diet and metformin slows tumor growth in two mouse models of triple negative breast cancer,"Many tumors contain hypoxic microenvironments caused by inefficient tumor vascularization. Hypoxic tumors have been shown to resist conventional cancer therapies. Hypoxic cancer cells rely on glucose to meet their energetic and anabolic needs to fuel uncontrolled proliferation and metastasis. This glucose dependency is linked to a metabolic shift in response to hypoxic conditions. To leverage the glucose dependency of hypoxic tumor cells, we assessed the effects of a mild reduction in systemic glucose by controlling both dietary carbohydrates with a ketogenic diet and endogenous glucose production by using metformin on two mouse models of triple-negative breast cancer (TNBC). Here, we showed that animals with TNBC treated with the combination regimen of ketogenic diet and metformin (a) had their tumor burden lowered by two-thirds, (b) displayed 38% slower tumor growth, and (c) showed 36% longer latency, compared to the animals treated with a ketogenic diet or metformin alone. As a result, lowering systemic glucose by this combined dietary and pharmacologic approach improved overall survival in our mouse TNBC models by 31 days, approximately equivalent to 3 years of life extension in human terms. This preclinical study demonstrates that reducing systemic glucose by combining a ketogenic diet and metformin significantly inhibits tumor proliferation and increases overall survival. Our findings suggest a possible treatment for a broad range of hypoxic and glycolytic tumor types that can augment existing treatment options to improve patient outcomes.",2024,f54258f56e76e089ba5ddd3124395428cfb8056a,SemanticScholar
"Design, optimization, characterization, and in vitro evaluation of metformin-loaded liposomes for triple negative breast cancer treatment","Abstract Recently, metformin (Met) has shown to have antineoplastic properties in cancer treatment by improving hypoxic tumor conditions, and causing reduction in the synthesis of biomolecules, which are vital for cancer growth. However, as an orally administered drug, Met has low bioavailability and rapid renal clearance. Thus, the goal of this study was to vectorize Met inside liposomes in the context of triple negative breast cancer (TNBC), which currently lacks treatment options when compared to other types of breast cancer. Vectorization of Met inside liposomes was done using Bangham method by implementing double design of experiment methodology to increase Met drug loading (minimum-run resolution V characterization design and Box-Behnken design), as it is generally extremely low for hydrophilic molecules. Optimization of Met-loaded liposome synthesis was successfully achieved with drug loading of 190 mg/g (19% w/w). The optimal Met-liposomes were 170 nm in diameter with low PdI (< 0.1) and negative surface charge (-20 mV), exhibiting sustained Met release at pH 7.4. The liposomal Met delivery system was stable over several months, and successfully reduced TNBC cell proliferation due to the encapsulated drug. This study is one the first reports addressing liposome formulation through thin-film hydration using two design of experiment methods aiming to increase drug loading of Met. Graphical Abstract",2024,6ef11f05539e62bbc48f02e6b772b435ef06f6a6,SemanticScholar
Estrogen Receptor Is Required for Metformin-Induced Apoptosis in Breast Cancer Cells Under Hyperglycemic Conditions,"Backgrounds: About 25% to 30% of estrogen receptor (ER)-positive breast cancer patients develop resistance to endocrine therapy. Human epidermal growth factor receptor 2 (HER2) has been shown to cooperate with several growth factors that regulate cellular energy metabolism, including the insulin-like growth factor 1 receptor (IGF-1R). Objective: As the first-line therapy for type 2 diabetes mellitus (T2DM) patients, metformin is widely known to inhibit the metabolic reprogramming of cancer cells. This study aims to investigate metformin’s efficacy in inhibiting endocrine resistance related to genes regulating energy metabolism in both ER-positive and ER-negative breast cancer cell lines under hyperglycemic conditions. Design and methods: MDA-MB-361 (ER-positive, HER2-positive) and SKBR3 (ER-negative, HER2-positive) cancer cell lines were used to represent ER status. Cell viability and cell survival rate were measured using the colorimetric assay of Cell Counting Kit-8. All mRNA levels were quantified using real-time quantitative polymerase chain reaction preceded by reverse transcription. A P value of <.05 was considered statistically significant. Results: Unlike MDA-MB-361, SKBR3 were found to acquire resistance upon metformin treatment in hyperglycemic conditions. Moreover, the mRNA expression of IGF-1R and its downstream signaling, such as the mammalian target of rapamycin (mTOR), was not affected by metformin. Meanwhile, the mRNA expression level of ribosomal S6 kinase 1 (S6K1) was upregulated, whereas forkhead box O1 (FOXO1) was downregulated after metformin treatment in hyperglycemic conditions. Conclusions: This preliminary study suggests that an alternative pathway of metformin resistance may exist in the absence of ERα. Therefore, relying solely on metformin may be inadequate to inhibit the aggressiveness of breast cancer cells. Plain Language Summary Navigating metformin’s impact on breast cancer: insights into resistance, alternative pathways, and the crucial role of estrogen receptor under high-glucose conditions Around 25% to 30% of breast cancer patients with estrogen receptor (ER)-positive tumors become resistant to hormone therapy. This study explores whether metformin, a drug commonly used for type 2 diabetes, can counteract this resistance by affecting genes linked to energy metabolism. The research focused on both ER-positive (MDA-MB-361) and ER-negative (SKBR3) breast cancer cell lines under high-glucose conditions. Results showed that although metformin inhibited the growth of ER-positive cells, it surprisingly promoted resistance in ER-negative cells. The expression of insulin-like growth factor 1 receptor (IGF-1R) and its downstream signals like mammalian target of rapamycin (mTOR) remained unaffected by metformin. However, metformin did alter the expression of other genes related to energy metabolism, suggesting that a different resistance pathway might exist in ER-negative cases. In conclusion, this early study implies that relying solely on metformin might not be sufficient to combat the aggressiveness of breast cancer cells, particularly in cases lacking ERα. More research is needed to understand alternative pathways and develop more effective strategies against resistance.",2024,bb29d40a9c960d0e8f16a201f4bc90f322029674,SemanticScholar
Metformin and other anti-diabetic medication use and breast cancer incidence in the Nurses’ Health Studies,"We aimed to examine the association between the use of metformin and other anti‐diabetic medications and breast cancer incidence within two large prospective cohort studies. We followed 185,181 women who participated in the Nurses' Health Study (NHS; 1994–2016) and the NHSII (1995–2017), with baseline corresponding to the date metformin was approved for type 2 diabetes (T2D) treatment in the US Information on T2D diagnosis, anti‐diabetes medications, and other covariates was self‐reported at baseline and repeatedly assessed by follow‐up questionnaires every 2 years. Breast cancer cases were self‐reported and confirmed by medical record review. Hazard ratios (HRs) and 95% confidence intervals (CIs) for the association between medication use and breast cancer were estimated using Cox proportional hazards regression models, adjusting for breast cancer risk factors. During 3,324,881 person‐years of follow‐up, we ascertained 9,192 incident invasive breast cancer cases, of which 451 were among women with T2D. Compared with women without T2D (n = 169,263), neither metformin use (HR = 0.97; 95% CI = 0.81–1.15) nor other anti‐diabetic medications use (HR = 1.11; 95% CI = 0.90–1.36) associated with significantly lower breast cancer incidence. Among women with T2D (n = 15,918), compared with metformin never users, metformin ever use was not significantly inversely associated with breast cancer (HR = 0.92; 95% CI = 0.74–1.15). Although we observed that past use of metformin was inversely associated with breast cancer in the T2D population (HR = 0.67; 95% CI = 0.48–0.94), current use (HR = 1.01; 95% CI = 0.80–1.27) and longer duration of metformin use were not associated with breast cancer (each 2‐year interval: HR = 1.01; 95% CI = 0.95–1.07). Overall, metformin use was not associated with the risk of developing breast cancer among the overall cohort population or among women with T2D.",2024,9840024ad83305eebf5e049d56481fd1e2b48f1d,SemanticScholar
Effects of Metformin on JNK Signaling Pathway and PD-L1 Expression in Triple Negative Breast Cancer,"Background Triple-negative breast cancer (TNBC) is an aggressive subtype of breast cancer. Metformin has been shown to have the potential to inhibit the proliferation of malignant cells. This study aimed to investigate the regulatory effect of metformin on the expression of programmed death protein ligand 1(PD-L1) and mechanisms in TNBC. Methods Mouse breast cancer cell line 4T1 was co-cultured with metformin, and the effect of metformin on cell proliferation was detected by MTT assay. The effect of metformin on the expression of JNK, RSK2 and CREB was detected by MAPK pathway protein chip. BALB/c mice were inoculated with 4T1 cells with knockdown/overexpression of C-Jun N-terminal kinase (JNK), and administered with metformin. The weight of tumor tissue was observed at the end of the experiment. The expression of PD-L1 in tumor cells was observed by immunofluorescence staining and the level of INF-γwas quantitatively determined by ELISA. Results Metformin inhibited the viability of 4T1 cells and increased the phosphorylation of JNK to reduce the phosphorylation of RSK2 and CREB. Metformin and JNK knockdown reduced the expression of PD-L1 in tumor cells, but there was no significant difference in the weight of tumor tissue. Metformin can reduce the level of INF-γ in tumor tissues, but JNK has no effect. Conclusion Metformin can inhibit the expression of PD-L1 in triple-negative breast cancer mice and improve the tumor microenvironment, but does not reduce the size of the tumor.",2024,51188d4eee0a784bd3493f692fcf3262db0c9288,SemanticScholar
The anti-neoplastic effects of metformin modulate the acquired phenotype of fibroblast cells in the breast cancer-normal fibroblast co-culture system,"Intracellular communications between breast cancer and fibroblast cells were reported to be involved in cancer proliferation, growth, and therapy resistance. The hallmarks of cancer-fibroblast interactions, consisting of caveolin 1 (Cav1) and mono-carboxylate transporter 4 (MCT4) (metabolic coupling markers), along with IL-6, TGFβ, and lactate secretion, are considered robust biomarkers predicting recurrence and metastasis. In order to promote a novel phenotype in normal fibroblasts, we predicted that breast cancer cells could be able to cause loss of Cav1 and increase of MCT4, as well as elevate IL-6 and TGFβ in nearby normal fibroblasts. We created a co-culture model using breast cancer (4T1) and normal fibroblast (NIH3T3) cell lines cultured under specific experimental conditions in order to directly test our theory. Moreover, we show that long-term co-culture of breast cancer cells and normal fibroblasts promotes loss of Cav1 and gain of MCT4 in adjacent fibroblasts and increase lactate secretion. These results were validated using the monoculture of each group separately as a control. In this system, we show that metformin inhibits IL-6 and TGFβ secretion and re-expresses Cav1 in both cells. However, MCT4 and lactate stayed high after treatment with metformin. In conclusion, our work shows that co-culture with breast cancer cells may cause significant alterations in the phenotype and secretion of normal fibroblasts. Metformin, however, may change this state and affect fibroblasts’ acquired phenotypes. Moreover, mitochondrial inhibition by metformin after 8 days of treatment, significantly hinders tumor growth in mouse model of breast cancer.",2024,66d106ec48d71a0815e88ae615c912c9c7636def,SemanticScholar
Potentiation of Folate-Functionalized PLGA-PEG nanoparticles loaded with metformin for the treatment of breast Cancer: possible clinical application,,2023,e5b39dcbdc1a452f204dda8564d5596284ff55be,SemanticScholar
Relaxin-encapsulated polymeric metformin nanoparticles remodel tumor immune microenvironment by reducing CAFs for efficient triple-negative breast cancer immunotherapy,"Cancer-associated fibroblasts (CAFs) are one of the most abundant stromal cells in the tumor microenvironment which mediate desmoplastic response and are the primary driver for an immunosuppressive microenvironment, leading to the failure of triple-negative breast cancer (TNBC) immunotherapy. Therefore, depleting CAFs may enhance the effect of immunotherapy (such as PD-L1 antibody). Relaxin (RLN) has been demonstrated to significantly improve transforming growth factor-β (TGF-β) induced CAFs activation and tumor immunosuppressive microenvironment. However, the short half-life and systemic vasodilation of RLN limit its in vivo efficacy. Here, plasmid encoding relaxin (pRLN) to locally express RLN was delivered with a new positively charged polymer named polymeric metformin (PolyMet), which could increase gene transfer efficiency significantly and have low toxicity that have been certified by our lab before. In order to improve the stability of pRLN in vivo, this complex was further formed lipid poly-γ-glutamic acid (PGA)/PolyMet-pRLN nanoparticle (LPPR). The particle size of LPPR was 205.5 ± 2.9 nm, and the zeta potential was +55.4 ± 1.6 mV. LPPR displayed excellent tumor penetrating efficacy and weaken proliferation of CAFs in 4T1luc/CAFs tumor spheres in vitro. In vivo, it could reverse aberrantly activated CAFs by decreasing the expression of profibrogenic cytokine and remove the physical barrier to reshape the tumor stromal microenvironment, which enabled a 2.2-fold increase in cytotoxic T cell infiltration within the tumor and a decrease in immunosuppressive cells infiltration. Thus, LPPR was observed retarded tumor growth by itself in the 4T1 tumor bearing-mouse, and the reshaped immune microenvironment further led to facilitate antitumor effect when it combined with PD-L1 antibody (aPD-L1). Altogether, this study presented a novel therapeutic approach against tumor stroma using LPPR to achieve a combination regimen with immune checkpoint blockade therapy against the desmoplastic TNBC model.",2023,f2296d55a08f40134f4090432371492837ba54b8,SemanticScholar
The Effect of Metformin on Chemotherapy-Induced Toxicities in Non-diabetic Breast Cancer Patients: A Randomised Controlled Study,"Breast cancer patients treated with adriamycin-cyclophosphamide plus paclitaxel (AC-T) are often challenged with serious adverse effects for which no effective therapies are available. Here, we investigated whether metformin, an antidiabetic drug with additional pleiotropic effects could favourably offset AC-T induced toxicities. Seventy non-diabetic breast cancer patients were randomised to receive either AC-T (adriamycin 60 mg/m2 + cyclophosphamide 600 mg/m2 × 4 cycles Q21 days, followed by weekly paclitaxel 80 mg/m2 × 12 cycles) alone or AC-T plus metformin (1700 mg/day). Patients were assessed regularly after each cycle to record the incidence and severity of adverse events based on the National Cancer Institute Common Terminology Criteria for Adverse Events (NCI-CTCAE), version 5.0. Moreover, baseline echocardiography and ultrasonography were done and repeated after the end of neoadjuvant therapy. Addition of metformin to AC-T resulted in significantly less incidence and severity of peripheral neuropathy, oral mucositis, and fatigue (p < 0.05) compared to control arm. Moreover, the left ventricular ejection fraction (LVEF%) in the control arm dropped from a mean of 66.69 ± 4.57 to 62.2 ± 5.22% (p = 0.0004) versus a preserved cardiac function in the metformin arm (64.87 ± 4.84 to 65.94 ± 3.44%, p = 0.2667). Furthermore, fatty liver incidence was significantly lower in metformin compared with control arm (8.33% vs 51.85%, p = 0.001). By contrast, haematological disturbances caused by AC-T were preserved after concurrent metformin administration (p > 0.05). Metformin offers a therapeutic opportunity for controlling toxicities caused by neoadjuvant chemotherapy in non-diabetic breast cancer patients. This randomised controlled trial was registered on November 20, 2019 in ClinicalTrials.gov under registration number: NCT04170465.",2023,f6e063960b817e1b10333b1438471fbcd6b1d771,SemanticScholar
Metformin and HER2-positive breast cancer: Mechanisms and therapeutic implications.,"Due to the strong association between diabetes and cancer incidents, several anti-diabetic drugs, including metformin, have been examined for their anticancer activity. Metformin is a biguanide antihyperglycemic agent used as a first-line drug for type II diabetes mellitus. It exhibits anticancer activity by impacting different molecular pathways, such as AMP-inducible protein kinase (AMPK)-dependent and AMPK-independent pathways. Additionally, Metformin indirectly inhibits IGF-1R signaling, which is highly activated in breast malignancy. On the other hand, breast cancer is one of the major causes of cancer-related morbidity and mortality worldwide, where the human epidermal growth factor receptor-positive (HER2-positive) subtype is one of the most aggressive ones with a high rate of lymph node metastasis. In this review, we summarize the association between diabetes and human cancer, listing recent evidence of metformin's anticancer activity. A special focus is dedicated to HER2-positive breast cancer with regards to the interaction between HER2 and IGF-1R. Then, we discuss combination therapy strategies of metformin and other anti-diabetic drugs in HER2-positive breast cancer.",2023,d2254e78324b9719a04c3c1e8218c3b31a5b7af4,SemanticScholar
WZB117 Decorated Metformin-Carboxymethyl Chitosan Nanoparticles for Targeting Breast Cancer Metabolism,"The “Warburg effect” provides a novel method for treating cancer cell metabolism. Overexpression of glucose transporter 1 (GLUT1), activation of AMP-activated protein kinase (AMPK), and downregulation of mammalian target of rapamycin (mTOR) have been identified as biomarkers of abnormal cancer cell metabolism. Metformin (MET) is an effective therapy for breast cancer (BC), but its efficacy is largely reliant on the concentration of glucose at the tumor site. We propose a WZB117 (a GLUT1 inhibitor)-OCMC (O-carboxymethyl-chitosan)-MET combo strategy for simultaneous GLUT1 and mTOR targeting for alteration of BC metabolism. WZB117 conjugated polymeric nanoparticles were 225.67 ± 11.5 nm in size, with a PDI of 0.113 ± 0.16, and an encapsulation of 72.78 6.4%. OCMC pH-dependently and selectively releases MET at the tumor site. MET targets the mTOR pathway in cancer cells, and WZB117 targets BCL2 to alter GLUT1 at the cancer site. WZB117-OCMC-MET overcomes the limitations of MET monotherapy by targeting mTOR and BCL2 synergistically. WZB117-OCMC-MET activates AMPK and suppresses mTOR in a Western blot experiment, indicating growth-inhibitory and apoptotic characteristics. AO/EB and the cell cycle enhance cellular internalization as compared to MET alone. WZB117-OCMC-MET affects cancer cells’ metabolism and is a promising BC therapeutic strategy.",2023,0de8774544280e7c8cf2dd73cc8e2d363a2f4b39,SemanticScholar
AMPK phosphorylates and stabilises copper transporter 1 to synergise metformin and copper chelator for breast cancer therapy,,2023,ba0e3345faa7072666e3676e67814c2af0be46c3,SemanticScholar
Effect of Metformin Versus Placebo on New Primary Cancers in Canadian Cancer Trials Group MA.32: A Secondary Analysis of a Phase III Randomized Double-Blind Trial in Early Breast Cancer,"Clinical trials frequently include multiple end points that mature at different times. The initial report, typically based on the primary end point, may be published when key planned coprimary or secondary analyses are not yet available. Clinical trial updates provide an opportunity to disseminate additional results from studies, published in JCO or elsewhere, for which the primary end point has already been reported. Metformin has been associated with lower cancer risk in epidemiologic and preclinical research. In the MA.32 randomized adjuvant breast cancer trial, metformin (v placebo) did not affect invasive disease-free or overall survival. Here, we report metformin effects on the risk of new cancer. Between 2010 and 2013, 3,649 patients with breast cancer younger than 75 years without diabetes with high-risk T1-3, N0-3 M0 breast cancer (any estrogen receptor, progesterone receptor, human epidermal growth factor receptor 2) were randomly assigned to metformin 850 mg orally twice a day or placebo twice a day for 5 years. New primary invasive cancers (outside the ipsilateral breast) developing as a first event were identified. Time to events was described by the competing risks method; two-sided likelihood ratio tests adjusting for age, BMI, smoking, and alcohol intake were used to compare metformin versus placebo arms. A total of 184 patients developed new invasive cancers: 102 metformin and 82 placebo, hazard ratio (HR), 1.25; 95% CI, 0.94 to 1.68; P = .13. These included 48 contralateral invasive breast cancers (27 metformin v 21 placebo), HR, 1.29; 95% CI, 0.72 to 2.27; P = .40 and 136 new nonbreast primary cancers (75 metformin v 61 placebo), HR, 1.24; 95% CI, 0.88 to 1.74; P = .21. Metformin did not reduce the risk of new cancer development in these nondiabetic patients with breast cancer. Metformin (v placebo) did not prevent new cancers in nondiabetic patients with early breast cancer.",2023,d65c8e6f97819739e1262e46b85a67857cb22c82,SemanticScholar
Niosomal Delivery of Celecoxib and Metformin for Targeted Breast Cancer Treatment,"Simple Summary This study investigates the therapeutic efficacy of combining Metformin (MET) and Celecoxib (CXB) in the treatment of breast cancer. Niosomes, which are drug carriers, were prepared using the thin-film hydration technique. These niosomes were characterized and found to have stable properties when stored at 4 °C for three months. The encapsulated drugs in the niosomes showed increased cytotoxicity compared to their free drug counterparts in both two-dimensional and three-dimensional viability assays. The combination of Metformin Niosomal Particles (MET NPs) and Celecoxib Niosomal Particles (CXB NPs) also led to decreased cell viability in both models. However, the efficacy of the niosomes’ combination was not superior to that of the free drug combination in preventing cell migration. Overall, this study provides valuable insights into the potential application of combining MET and CXB nanoparticle delivery systems for breast cancer treatment. Abstract Breast cancer continues to be a prominent worldwide health concern and requires continued investigation into innovative therapeutic approaches. Here, we report the first investigation into the therapeutic efficacy of combining Metformin (MET) and Celecoxib (CXB), both in free and niosomal form, for the treatment of breast cancer. Our investigation encompassed the characterization of these niosomal drug carriers, their stability assessment, and their effect on breast cancer cell models. The thin-film hydration technique was employed to prepare niosomes with spherical, uniform-size distributions and high encapsulation efficiencies. The niosomes were characterized by TEM, particle size analyzer, and ATR-FTIR. The niosomes with an average size of 110.6 ± 0.6 and 96.7 ± 0.7, respectively, for MET and CXB were stable when stored at 4 °C for three months with minimal drug leakage, minor changes in encapsulation efficiency and size, and unchanged physicochemical parameters. Evaluation in two-dimensional (2D) and three-dimensional (3D) viability assays demonstrated an increased cytotoxicity of encapsulated drugs when compared to their free-drug counterparts. Additionally, the combination of Metformin Niosomal Particles (MET NPs) and Celecoxib Niosomal Particles (CXB NPs) led to decreased cell viability in both 2D and 3D models compared to each drug administered individually. When comparing the effect of the niosomal versus the free combination of the drugs on cell migration, we found that both interventions effectively prevented cell migration. However, the efficacy of the niosomes’ combination was not superior to that of the free drug combination (p < 0.05). In conclusion, the results of this study provide valuable insights into the potential application of combining MET and CXB nanoparticle delivery systems to breast cancer treatment. Exploring the in vivo application of this drug delivery system could open new avenues for more effective and targeted therapeutic approaches for breast cancer patients.",2023,e285477b780ec9a70ac918cd5ce7c37d4183ff8a,SemanticScholar
Combination therapy with PD-1 inhibition plus rapamycin and metformin enhances anti-tumor efficacy in triple negative breast cancer.,"Immunotherapy using PD-1/PD-L1 inhibitors has been proved to be effective in triple negative breast cancer (TNBC), albeit only in a fraction of patients. Emerging evidences indicate mTOR blockade and metformin may re-orchestrate the immune system in tumors. Herein, in this study we aimed to evaluate the anti-tumor efficacy of PD-1 monoclonal antibody with mTOR inhibitor rapamycin or with the anti-diabetic drug metformin. The status of PD-1/PD-L1 and mTOR pathway was determined through analyzing the TCGA and CCLE data in TNBCs as well as by detection at mRNA and protein level. The inhibition of tumor growth and metastasis by anti-PD-1 combined with rapamycin or with metformin was evaluated in allograft mouse model of TNBC. The effects of combination therapy on the AMPK, mTOR and PD-1/PD-L1 pathways were also evaluated. The combination treatment with PD-1 McAb and rapamycin/metformin had additive effects on suppression of tumor growth and distant metastasis in mice. Compared with the control group and the monotherapy, combined PD-1 McAb with either rapamycin or metformin exhibited more obvious effects on induction of necrosis, CD8+ T lymphocytes infiltrating and inhibition of PD-L1 expression in TNBC homograft. In vitro study showed either rapamycin or metformin not only decreased PD-L1 expression, but increased p-AMPK expression and therefore led to down-regulation of p-S6. In summary, combination of PD-1 antagonist with either rapamycin or metformin led to more infiltrating TILs and decreased PD-L1 resulting in enhanced antitumor immunity and blockade of PD-1/PD-L1 pathway. Our results suggested such combination therapy may be a potential therapeutic strategy for TNBC patients.",2023,ce3f1557cbff4e5541f7f860a06c06fc30f1a4fe,SemanticScholar
Effects of metformin and donepezil on the prevention of doxorubicin-induced cardiotoxicity in breast cancer: a randomized controlled trial,"Doxorubicin (DOX) causes deleterious cardiotoxicity. We aimed to investigate the protective roles of metformin and donepezil against DOX-induced cardiotoxicity. In this randomized-controlled trial, 143 female breast cancer patients were enrolled. Metformin (n = 43), donepezil (n = 52), or placebo (n = 48) were prescribed during DOX treatment. The primary endpoint was a proportion of patients with high sensitivity troponin-I (hsTnI) more than the 99th percentile value (> 15.6 ng/L) after DOX treatment. The secondary outcomes were the changes in the hsTnI, N-terminal pro-B-type natriuretic peptide (NT-proBNP), left ventricular ejection fraction (LVEF), global longitudinal strain (GLS) and peripheral blood mononuclear cells analysis for mitochondrial respiration. Baseline characteristics were similar between the groups. The primary endpoint occurred in 58.54% of metformin group, 76.92% in donepezil group, and 69.77% in placebo group (p = 0.215). The level of hsTnI increased after receiving DOX with subsequent decline in LVEF and GLS. Metformin and donepezil did not attenuate hsTnI elevation, LVEF or GLS reduction. There was no significant change in NT-proBNP level. Mitochondrial respiratory dysfunction was observed in the placebo and donepezil groups. However, metformin preserved mitochondrial respiration during DOX therapy. In conclusion, co-treatment with metformin or donepezil did not prevent myocardial injury. Metformin had a favorable mitochondrial outcome and warranted future studies.",2023,18fe5df11eedcb51a0596a773d1e4ad65cfc7e5b,SemanticScholar
Efficacy of metformin in prevention of paclitaxel-induced peripheral neuropathy in breast cancer patients: a randomized controlled trial,"Background: Paclitaxel-induced peripheral neuropathy (PN) is a serious clinical problem with no approved drug for prevention. This study aimed to examine the neuroprotective effect of metformin against paclitaxel-induced PN in breast cancer patients. Methods: Patients with confirmed breast cancer diagnosis who were planned to receive paclitaxel were randomized to receive either metformin or placebo. Both groups received the standard chemotherapy protocol for breast cancer. Patients started metformin/placebo 1 week before paclitaxel initiation and continued study interventions thereafter for nine consecutive weeks. The primary outcome was the incidence of development of grade two or more paclitaxel-induced sensory PN. The PN was graded according to the National Cancer Institute Common Terminology Criteria for Adverse Events (NCI-CTCAE). Patients’ quality of life (QoL) was assessed by the Functional Assessment of Cancer Therapy/Gynecologic Oncology Group-Neurotoxicity (FACTGOG-Ntx) subscale. Pain severity was measured by the Brief Pain Inventory Short Form (BPI-SF). Serum levels of nerve growth factor (NGF) and neurotensin (NT) were measured at baseline and at the end paclitaxel treatment. Results: A total of 73 patients (36 in the metformin arm and 37 in the control arm) were evaluated. The cumulative incidence of development of grade two or more PN was significantly lower in the metformin arm (14 (38.9%) than the control arm (28 (75.7%); p = 0.001). At the end of paclitaxel treatment, patients’ QoL was significantly better in the metformin arm [median (IQR) FACTGOG-Ntx subscale of (24.0 (20.5–26.5)] compared to the control arm (21.0 (18.0–24.0); p = 0.003). The metformin arm showed lower “average” and “worst” pain scores than those detected in the control arm. At the end of the paclitaxel treatment, there was a significant difference in the median serum NGF levels between the two arms, favoring metformin (p < 0.05), while NT serum levels were deemed comparable between the two study arms (p = 0.09). Conclusion: The use of metformin in breast cancer patients offered a marked protection against paclitaxel-induced PN, which translated to better patient QoL. Clinical Trial Registration: https://classic.clinicaltrials.gov/ct2/show/NCT05351021, identifier NCT05351021.",2023,b07fe52ea70e1a3db6215f831c7497fcd54cd73a,SemanticScholar
Metformin and long non-coding RNAs in breast cancer,"Breast cancer (BC) is the second most common cancer and cause of death in women. In recent years many studies investigated the association of long non-coding RNAs (lncRNAs), as novel genetic factors, on BC risk, survival, clinical and pathological features. Recent studies also investigated the roles of metformin treatment as the firstline treatment for type 2 diabetes (T2D) played in lncRNAs expression/regulation or BC incidence, outcome, mortality and survival, separately. This comprehensive study aimed to review lncRNAs associated with BC features and identify metformin-regulated lncRNAs and their mechanisms of action on BC or other types of cancers. Finally, metformin affects BC by regulating five BC-associated lncRNAs including GAS5, HOTAIR, MALAT1, and H19, by several molecular mechanisms have been described in this review. In addition, metformin action on other types of cancers by regulating ten lncRNAs including AC006160.1, Loc100506691, lncRNA-AF085935, SNHG7, HULC, UCA1, H19, MALAT1, AFAP1-AS1, AC026904.1 is described.",2023,958512d277a3c8df995dce453004702594bcf559,SemanticScholar
Effect of Metformin vs Placebo on Invasive Disease-Free Survival in Patients With Breast Cancer: The MA.32 Randomized Clinical Trial.,,2022,8f0e6c9db22fb54f673bf7f05a6dacb7c01657a7,SemanticScholar
Metformin combined with glucose starvation synergistically suppress triple-negative breast cancer by enhanced unfolded protein response.,"Metformin (MET) is a well-documented drug used in the treatment of type II diabetes. Recent studies have revealed its potential anti-tumor effects in various types of cancer. However, the dosage of MET required to exhibit anti-tumor activity is considerably higher than the clinically recommended dosage. In this study, we investigated the synergistical anti-tumor effect of glucose deprivation and MET in MDA-MB-231 cells, which represents a triple-negative breast cancer subtype (TNBC). Our findings demonstrate that glucose deprivation significantly enhances the anti-tumor activity of MET by reducing cell proliferation and increasing cell apoptosis. RNA-seq was performed to identify the key molecules involved in this process. Our results indicate that unfolded protein response of endoplasmic reticulum (UPRER) was significantly activated upon glucose starvation combining with MET compared to glucose starvation alone. Notably, the combined treatment significantly activated UPRER signaling pathway through ATF4/ATF3/CHOP axis, due to enhanced UPRER stress. In conclusion, our study suggests that the synergistic effects of MET and glucose deprivation suppress cell proliferation in TNBC by activating pro-apoptotic molecules through UPRER stress. These findings have potential implications for the anti-tumor application of MET in TNBC.",2023,d0c6e6048aa6ee83b156fc496fb0491c60799348,SemanticScholar
Metformin induces Ferroptosis by inhibiting UFMylation of SLC7A11 in breast cancer,"Ferroptosis is a newly defined form of regulated cell death characterized by the iron-dependent accumulation of lipid peroxidation and is involved in various pathophysiological conditions, including cancer. Targeting ferroptosis is considered to be a novel anti-cancer strategy. The identification of FDA-approved drugs as ferroptosis inducers is proposed to be a new promising approach for cancer treatment. Despite a growing body of evidence indicating the potential efficacy of the anti-diabetic metformin as an anti-cancer agent, the exact mechanism underlying this efficacy has not yet been fully elucidated. The UFMylation of SLC7A11 is detected by immunoprecipitation and the expression of UFM1 and SLC7A11 in tumor tissues was detected by immunohistochemical staining. The level of ferroptosis is determined by the level of free iron, total/lipid Ros and GSH in the cells and the morphological changes of mitochondria are observed by transmission electron microscope. The mechanism in vivo was verified by in situ implantation tumor model in nude mice. Metformin induces ferroptosis in an AMPK-independent manner to suppress tumor growth. Mechanistically, we demonstrate that metformin increases the intracellular Fe2+ and lipid ROS levels. Specifically, metformin reduces the protein stability of SLC7A11, which is a critical ferroptosis regulator, by inhibiting its UFMylation process. Furthermore, metformin combined with sulfasalazine, the system xc− inhibitor, can work in a synergistic manner to induce ferroptosis and inhibit the proliferation of breast cancer cells. This study is the first to demonstrate that the ability of metformin to induce ferroptosis may be a novel mechanism underlying its anti-cancer effect. In addition, we identified SLC7A11 as a new UFMylation substrate and found that targeting the UFM1/SLC7A11 pathway could be a promising cancer treatment strategy.",2021,8d44f3bb8679901a52423608dbb9a0b582da9de9,SemanticScholar
Molecular interactions between metformin and D-limonene inhibit proliferation and promote apoptosis in breast and liver cancer cells,"Cancer is a fatal disease that severely affects humans. Designing new anticancer strategies and understanding the mechanism of action of anticancer agents is imperative. In this study, we evaluated the utility of metformin and D-limonene, alone or in combination, as potential anticancer therapeutics using the human liver and breast cancer cell lines HepG2 and MCF-7. An integrated systems pharmacology approach is presented for illustrating the molecular interactions between metformin and D-limonene. We applied a systems-based analysis to introduce a drug–target–pathway network that clarifies different mechanisms of treatment. The combination treatment of metformin and D-limonene induced apoptosis in both cell lines compared with single drug treatments, as indicated by flow cytometric and gene expression analysis. The mRNA expression of Bax and P53 genes were significantly upregulated while Bcl-2, iNOS, and Cox-2 were significantly downregulated in all treatment groups compared with normal cells. The percentages of late apoptotic HepG2 and MCF-7 cells were higher in all treatment groups, particularly in the combination treatment group. Calculations for the combination index (CI) revealed a synergistic effect between both drugs for HepG2 cells (CI = 0.14) and MCF-7 cells (CI = 0.22). Our data show that metformin, D-limonene, and their combinations exerted significant antitumor effects on the cancer cell lines by inducing apoptosis and modulating the expression of apoptotic genes.",2024,3abf5085a7c135e1d20e3dd7fea072fda1e7c061,SemanticScholar
Metformin plays an antitumor role by downregulating inhibitory cells and immune checkpoint molecules while activating protective immune responses in breast cancer.,"This study seeks to test the effect of metformin treatment on the outcomes of breast cancer in BALB/c mice bearing 4 T1 breast cancer cells. The survival rate and tumor size of mice were compared, as well as evaluation of the changes of immune cells in spleens and the microenvironment of tumors using flow cytometry and ELISA. Our results demonstrate that metformin prolongs mouse survival. A significant decrease in M2-like macrophages (F4/80+CD206+) was found in mice spleen treated with metformin. The treatment also inhibited monocytic myeloid-derived suppressor cells (M-MDSCs, CD11b+Gr-1+) and regulatory T cells (Tregs, CD4+CD25+Foxp3+). Metformin treatment resulted in an increase in the level of IFN-γ and a decrease in IL-10. Expression of the immune checkpoint molecule PD-1 on T cells was inhibited following treatment. Metformin enhances local antitumor activity in the tumor microenvironment, and our data supports the drug as a candidate for evaluation in the treatment of breast cancer.",2023,066e92f4d311c4c298d14d4676efd5a1f89c54d3,SemanticScholar
Honokiol inhibits the growth of hormone-resistant breast cancer cells: its promising effect in combination with metformin,"Background and purpose: Primary and metastatic breast cancers still represent an unmet clinical need for improved chemotherapy and hormone therapy. Considerable attention has been paid to natural anticancer compounds, especially lignans. The study aimed to evaluate the activity of several lignans against breast cancer cells and assess the effect of leading lignans on signaling pathways in combination with metformin. Experimental approach: Human breast cancer cell lines MCF7 (hormone-dependent), MDA-MB-231, and SKBR3 (hormone-independent) were used. A hormone-resistant MCF7/hydroxytamoxifen (HT) subline was obtained by long-term cultivation of the MCF7 line with hydroxytamoxifen. Antiproliferative activity was assessed by the MTT test; the expression of signaling pathway proteins was evaluated by immunoblotting analysis. Findings/Results: We evaluated the antiproliferative activity of lignans in breast cancer cells with different levels of hormone dependence and determined the relevant IC50 values. Honokiol was chosen as the leading compound, and its IC50 ranged from 12 to 20 μM, whereas for other tested lignans, the IC50 exceeded 50 μM. The accumulation of cleaved PARP and a decrease in the expression of Bcl-2 and ERα in MCF7/HT were induced following the combination of honokiol with metformin. Conclusions and implications: Honokiol demonstrated significant antiproliferative activity against both hormone-dependent breast cancer cells and lines with primary and acquired hormone resistance. The combination of honokiol with metformin is considered an effective approach to induce death in hormone-resistant cells. Honokiol is of interest as a natural compound with antiproliferative activity against breast cancers, including resistant tumors.",2023,924d47c21af558cda8d9dc629ff546ec70647416,SemanticScholar
The Effect of Metformin on Triple-Negative Breast Cancer Cells and Nude Mice.,,2023,7e29e336f2bba7245a73277b182383b1bf5f61df,SemanticScholar
Combination of metformin and gallic acid induces autophagy and apoptosis in human breast cancer cells,"Background and purpose: Breast cancer is the most common type of cancer and one of the major causes of death among women. Many reports propose gallic acid as a candidate for cancer treatment due to its biological and medicinal effects as well as its antioxidant properties. This study aimed to assess the effects of metformin and gallic acid on human breast cancer (MCF-7) and normal (MCF-10) cell lines. Experimental approach: MCF7 and MCF-10 cells were treated with various concentrations of metformin, gallic acid, and their combination. Cell proliferation, reactive oxygen species (ROS), as well as cell cycle arrest were measured. Autophagy induction was assessed using western blot analysis. Findings/Results: Metformin and gallic acid did not cause toxicity in normal cells. They had a stronger combined impact on ROS induction. Metformin and Gallic acid resulted in cell cycle arrest in the sub-G1 phase with G1 and S phase arrest, respectively. Increased levels of LC3 and Beclin-1 markers along with decreased P62 markers were observed in cancerous cells, which is consistent with the anticancer properties of metformin and gallic acid. Conclusion and implications: The effects of metformin and gallic acid on cancerous cells indicate the positive impact of their combination in treating human breast cancer.",2023,1329fe8ea6978714723b5d4c3de1a6744404d0be,SemanticScholar
Co-Delivery of Silymarin and Metformin Dual-Loaded in Mesoporous Silica Nanoparticles Synergistically Sensitizes Breast Cancer Cell Line to Mitoxantrone Chemotherapy,"The development nano-carriers based therapeutic methods is a potent strategy for enhancing cellular delivery of drugs and therapeutic efficiency in cancer chemotherapy. In the study, silymarin(SLM) and metformin (Met) were co-loaded into mesoporous silica nanoparticles (MSNs) and evaluated the synergistic inhibitory effect of these natural herbal compound in improving chemotherapeutic efficiency against MCF7MX and MCF7 human breast cancer cells. Nanoparticles have been synthesized and characterized by FTIR, BET, TEM, SEM, and X-ray diffraction. Drug loading capacity and release determined. The both single and combined form of SLM and Met (free and loaded MSN) were used for MTT assay, colony formation and real time-PCR in cellular study. The synthesis MSN were uniformity in size and shape with particle size of approximately 100 nm and pore size of approximately 2 nm. The Met-MSNs IC30, SLM -MSNs IC50 and dual-drug loaded MSNs IC50 were much lower than of free-Met IC30, free-SLM IC50 and free Met-SLM IC50 MCF7MX and MCF7cells. The co-loaded MSNs treated cells were increased sensitivity to mitoxantrone with the inhibition of BCRP mRNA expressions and could induce apoptosis in MCF7MX and MCF7 cells in comparison with other groups. Colony numbers were significantly reduced in comparison to with other groups in the co-loaded MSNs -treated cells ( ${p} < 0.01$ ). Our results indicate that Nano-SLM enhances the anti-cancer effects of SLM against human breast cancer cells. The findings of the present study suggest that the anti-cancer effects of both metformin and silymarin enhances against breast cancer cells when MSNs are used as a drug delivery system.",2023,bd2cb9839053b4ffc4bf1dcfd20fcad67c54c089,SemanticScholar
Murine Breast Cancer Radiosensitization Using Oxygen Microbubbles and Metformin: Vessels Are the Key,"Radiotherapy is a cornerstone of cancer treatment, but tumor hypoxia and resistance to radiation remain significant challenges. Vascular normalization has emerged as a strategy to improve oxygenation and enhance therapeutic outcomes. In this study, we examine the radiosensitization potential of vascular normalization using metformin, a widely used anti-diabetic drug, and oxygen microbubbles (OMBs). We investigated the synergistic action of metformin and OMBs and the impact of this therapeutic combination on the vasculature, oxygenation, invasiveness, and radiosensitivity of murine 4T1 breast cancer. We employed in vivo Doppler ultrasonographic imaging for vasculature analysis, electron paramagnetic resonance oximetry, and immunohistochemical assessment of microvessels, perfusion, and invasiveness markers. Our findings demonstrate that both two-week metformin therapy and oxygen microbubble treatment normalize abnormal cancer vasculature. The combination of metformin and OMB yielded more pronounced and sustained effects than either treatment alone. The investigated therapy protocols led to nearly twice the radiosensitivity of 4T1 tumors; however, no significant differences in radiosensitivity were observed between the various treatment groups. Despite these improvements, resistance to treatment inevitably emerged, leading to the recurrence of hypoxia and an increased incidence of metastasis.",2023,467badef3be926d3d35e3a6a05e52d4604ef1210,SemanticScholar
Effects of exercise or metformin on myokine concentrations in patients with breast and colorectal cancer: A phase II multi‐centre factorial randomized trial,Physical activity and metformin pharmacotherapy are associated with improved clinical outcomes in breast and colorectal cancer survivors. Myokines are cytokines secreted from skeletal muscle that may mediate these associations.,2024,547da9a42ad4cf06bf8bca23d20654629435edb4,SemanticScholar
"Metformin, placebo, and endocrine therapy discontinuation among participants in a randomized double-blind trial of metformin vs placebo in hormone receptor-positive early-stage breast cancer (CCTG MA32)",,2023,515d2b2d85d533cd1d7cabae44d137196b594916,SemanticScholar
Co‐drug development of gallic acid and metformin targeting the pro‐inflammatory cytokines for the treatment of breast cancer,"It is well‐documented that pro‐inflammatory cytokines and inflammation play a significant role in the expansion of cancer disease. Gallic acid (GA), a natural compound, and metformin (Met), a synthetic drug exhibit potent anticancer potential via the distinct molecular mechanism. However, whether both these compounds can act synergistically to preclude and treat cancer is still unknown. This prompted us to scrutinize, the synergism between GA and Met, and that of a new co‐drug synthesizing of GA and Met (GA‐Met) and investigated the chemo‐protective effect against breast cancer with possible intervention of cytokines. In vivo studies were based on chemical carcinogenesis, challenging breast tissue by dimethylbenz[α]anthracene (DMBA). Tumour incidence, tumour burden, pro‐inflammatory cytokines in serum, breast, hepatic tissue, macroscopically and histological analysis of mammary tumours were carried out and estimated. GA, Met and GA‐Met co‐drug exhibited the inhibition of cell proliferation; higher reduction of cell proliferation was observed by GA‐Met. The inhibitory effect of GA‐Met was linked to cell cycle arrest at G0/G1 phase, along with induction of apoptosis and accumulation in the sub‐G1 phase. GA‐Met significantly inhibited the cytokines production along with protection against DMBA‐induced hyperplasia. Taken altogether, the current result suggests that GA‐Met co‐drug endows a safe and protective effect against cancer metastasis and can possibly use for the treatment of human breast cancer.",2023,6e21c0f15dc03e3361acd37ca649beb19321d1f3,SemanticScholar
An injectable and pH-responsive hyaluronic acid hydrogel as metformin carrier for prevention of breast cancer recurrence.,"To achieve the pH-responsive release of metformin in tumor acidic microenvironment, we prepared OHA-Met by covalently grafting metformin (Met) onto oxidized hyaluronic acid (OHA) through imine bonds, and then prepared carboxymethyl chitosan (CMCS)/OHA-Met drug loaded hydrogels. The CMCS/OHA-Met hydrogels showed the in-situ injection performance. At pH = 7.4, the cumulative release rate of metformin from CMCS/OHA-Met20 hydrogel was 42.7 ± 2.6 % in 6 h, and the release tended to balance after 72 h. At pH = 5.5, the release kept constant and the cumulative release rate was 79.3 ± 4.7 % at 6 h, showing good pH-responsive behavior. Metformin induced apoptosis of MCF-7 cells through the caspase 3/PARP pathway. CMCS/OHA-Met20 hydrogel could effectively kill MCF-7 cells, while reducing the cytotoxicity of free metformin to L929 cells. In vivo breast cancer recurrence experiments showed CMCS/OHA-Met20 hydrogel could achieve local injection and pH-responsive smart drug delivery at the tumor resection site, inhibiting breast cancer recurrence. Compared with direct administration, CMCS/OHA-Met20 hydrogel reduced the metformin dosage, frequency of administration and systemic side effects.",2022,a91e401fdc42df2f0e98d22dee8c84c12f49e68f,SemanticScholar
YAP/TAZ axis was involved in the effects of metformin on breast cancer,"Abstract Breast cancer is malignant tumours in women. A large amount of data analysis shows that Metformin has been shown to play a significance role in reducing the risk of breast cancer, but the mechanism remains unclear. The hippo signalling pathway can be involved in the formation, metastasis and recurrence of breast cancer. When YAP/TAZ is activated, cells can overcome contact inhibition and enter a state of uncontrolled proliferation. Therefore, YAP/TAZ is considered a potential therapeutic target for breast cancer. Eighty breast cancer patients, forty cases of triple-negative and forty cases of HER-2+, were included in this study. In vitro and in vivo experiments were used to confirm the YAP/TAZ axis was involved in the effects of metformin on breast cancer. EMT plays an important role in breast cancer, including chemoresistance and tumour metastasis. Our results confirmed that YAP could modulate the activity of EMT, which in turn altered tumour resistance. Therefore, MET can inhibit EMT by reducing the expression of YAP, and finally achieve the therapeutic effect of breast cancer. Our findings support metformin as a novel YAP inhibitor and potentially as a novel breast cancer drug.",2023,a8c0c7380872e1846434f94cf6e4ae61296e690f,SemanticScholar
